sample,t_s,transaction_ms,gyro_y_raw,gyro_y_dps,pitch_raw,pitch_deg,gyro_changed,pitch_changed,pair_changed
0,0.007408298,7.396841,-198,-12.0849609375,-630,-3.460693359375,,,
1,0.014754641,7.293251,-176,-10.7421875,-640,-3.515625,1,1,1
2,0.022113336,7.322053,-136,-8.30078125,-656,-3.603515625,1,1,1
3,0.030307418,8.152159,-116,-7.080078125,-662,-3.636474609375,1,1,1
4,0.038004697,7.65062,-69,-4.21142578125,-671,-3.6859130859375,1,1,1
5,0.04578675,7.734562,-43,-2.62451171875,-673,-3.6968994140625,1,1,1
6,0.053568291,7.73005,1,0.06103515625,-673,-3.6968994140625,1,0,1
7,0.061285667,7.671389,19,1.15966796875,-672,-3.69140625,1,1,1
8,0.069725782,8.394288,51,3.11279296875,-666,-3.658447265625,1,1,1
9,0.077365041,7.547924,85,5.18798828125,-657,-3.6090087890625,1,1,1
10,0.08536935,7.956017,94,5.7373046875,-651,-3.5760498046875,1,1,1
11,0.092898521,7.482768,122,7.4462890625,-637,-3.4991455078125,1,1,1
12,0.101141247,8.200099,132,8.056640625,-630,-3.460693359375,1,1,1
13,0.108913891,7.724865,158,9.6435546875,-612,-3.36181640625,1,1,1
14,0.116634084,7.64294,175,10.68115234375,-593,-3.2574462890625,1,1,1
15,0.124023053,7.333125,185,11.29150390625,-582,-3.197021484375,1,1,1
16,0.131309583,7.202876,194,11.8408203125,-560,-3.076171875,1,1,1
17,0.138603313,7.255775,200,12.20703125,-549,-3.0157470703125,1,1,1
18,0.146320882,7.688959,205,12.51220703125,-537,-2.9498291015625,1,1,1
19,0.153970445,7.59836,224,13.671875,-513,-2.8179931640625,1,1,1
20,0.161776884,7.687646,220,13.427734375,-488,-2.6806640625,1,1,1
21,0.169430416,7.5998,216,13.18359375,-476,-2.61474609375,1,1,1
22,0.177053738,7.526483,203,12.39013671875,-454,-2.493896484375,1,1,1
23,0.185129604,8.01743,192,11.71875,-443,-2.4334716796875,1,1,1
24,0.194372752,9.189641,157,9.58251953125,-425,-2.3345947265625,1,1,1
25,0.202099889,7.680446,95,5.79833984375,-414,-2.274169921875,1,1,1
26,0.209672967,7.521459,52,3.173828125,-411,-2.2576904296875,1,1,1
27,0.217061296,7.34311,-40,-2.44140625,-414,-2.274169921875,1,1,1
28,0.22434629,7.256864,-85,-5.18798828125,-420,-2.30712890625,1,1,1
29,0.232097397,7.725697,-169,-10.31494140625,-438,-2.406005859375,1,1,1
30,0.240120203,7.979763,-214,-13.0615234375,-450,-2.471923828125,1,1,1
31,0.247647166,7.478736,-291,-17.76123046875,-483,-2.6531982421875,1,1,1
32,0.255119277,7.350567,-324,-19.775390625,-501,-2.7520751953125,1,1,1
33,0.262473748,7.249376,-377,-23.01025390625,-543,-2.9827880859375,1,1,1
34,0.269743732,7.243166,-370,-22.5830078125,-564,-3.09814453125,1,1,1
35,0.27818692,8.418194,-336,-20.5078125,-604,-3.31787109375,1,1,1
36,0.285689049,7.445005,-319,-19.47021484375,-622,-3.416748046875,1,1,1
37,0.292935225,7.204413,-276,-16.845703125,-655,-3.5980224609375,1,1,1
38,0.30021833,7.256672,-241,-14.70947265625,-669,-3.6749267578125,1,1,1
39,0.307321295,7.075507,-156,-9.521484375,-688,-3.779296875,1,1,1
40,0.314639828,7.294179,-120,-7.32421875,-694,-3.812255859375,1,1,1
41,0.322093249,7.419339,-49,-2.99072265625,-701,-3.8507080078125,1,1,1
42,0.329705306,7.566549,-15,-0.91552734375,-702,-3.856201171875,1,1,1
43,0.337062049,7.286114,43,2.62451171875,-697,-3.8287353515625,1,1,1
44,0.344411496,7.322085,60,3.662109375,-693,-3.8067626953125,1,1,1
45,0.351920442,7.486609,81,4.94384765625,-684,-3.75732421875,1,1,1
46,0.359553524,7.531571,92,5.615234375,-678,-3.724365234375,1,1,1
47,0.367075623,7.482448,94,5.7373046875,-666,-3.658447265625,1,1,1
48,0.374456079,7.347878,91,5.55419921875,-661,-3.6309814453125,1,1,1
49,0.381719856,7.239551,94,5.7373046875,-650,-3.570556640625,1,1,1
50,0.389108825,7.367048,99,6.04248046875,-644,-3.53759765625,1,1,1
51,0.396460672,7.324549,105,6.40869140625,-632,-3.4716796875,1,1,1
52,0.404090074,7.599256,112,6.8359375,-626,-3.438720703125,1,1,1
53,0.411599179,7.469038,134,8.1787109375,-611,-3.3563232421875,1,1,1
54,0.418858188,7.224606,157,9.58251953125,-602,-3.306884765625,1,1,1
55,0.425973858,7.092533,183,11.16943359375,-582,-3.197021484375,1,1,1
56,0.433293254,7.300387,190,11.5966796875,-572,-3.14208984375,1,1,1
57,0.440897022,7.528883,213,13.00048828125,-548,-3.01025390625,1,1,1
58,0.44841128,7.474799,228,13.916015625,-535,-2.9388427734375,1,1,1
59,0.455810362,7.306019,237,14.46533203125,-509,-2.7960205078125,1,1,1
60,0.46301215,7.179354,224,13.671875,-496,-2.724609375,1,1,1
61,0.470250549,7.217917,204,12.451171875,-473,-2.5982666015625,1,1,1
62,0.477684769,7.40689,191,11.65771484375,-462,-2.537841796875,1,1,1
63,0.48529593,7.572278,159,9.70458984375,-444,-2.43896484375,1,1,1
64,0.492593757,7.211229,138,8.4228515625,-437,-2.4005126953125,1,1,1
65,0.499847741,7.225918,111,6.77490234375,-431,-2.3675537109375,1,1,1
66,0.50705657,7.18758,41,2.50244140625,-425,-2.3345947265625,1,1,1
67,0.514579692,7.457454,5,0.30517578125,-425,-2.3345947265625,1,0,1
68,0.522360529,7.743874,-57,-3.47900390625,-432,-2.373046875,1,1,1
69,0.529703575,7.296194,-89,-5.43212890625,-437,-2.4005126953125,1,1,1
70,0.537068319,7.328805,-155,-9.46044921875,-455,-2.4993896484375,1,1,1
71,0.544352385,7.259072,-187,-11.41357421875,-466,-2.559814453125,1,1,1
72,0.551812815,7.374408,-252,-15.380859375,-494,-2.713623046875,1,1,1
73,0.559469227,7.615705,-266,-16.2353515625,-509,-2.7960205078125,1,1,1
74,0.56719726,7.650459,-300,-18.310546875,-544,-2.98828125,1,1,1
75,0.57458703,7.346183,-307,-18.73779296875,-561,-3.0816650390625,1,1,1
76,0.58181586,7.202364,-286,-17.4560546875,-594,-3.262939453125,1,1,1
77,0.589016656,7.181595,-270,-16.4794921875,-610,-3.350830078125,1,1,1
78,0.596613256,7.571319,-225,-13.73291015625,-636,-3.49365234375,1,1,1
79,0.604171197,7.514802,-205,-12.51220703125,-647,-3.5540771484375,1,1,1
80,0.61155799,7.300771,-135,-8.23974609375,-664,-3.6474609375,1,1,1
81,0.618903116,7.32042,-96,-5.859375,-669,-3.6749267578125,1,1,1
82,0.626206159,7.279425,-30,-1.8310546875,-674,-3.702392578125,1,1,1
83,0.634513049,8.28692,-1,-0.06103515625,-674,-3.702392578125,1,0,1
84,0.642068846,7.508529,66,4.0283203125,-667,-3.6639404296875,1,1,1
85,0.650360535,7.965202,119,7.26318359375,-654,-3.592529296875,1,1,1
86,0.658030996,7.620249,139,8.48388671875,-646,-3.548583984375,1,1,1
87,0.666051658,7.973298,177,10.80322265625,-626,-3.438720703125,1,1,1
88,0.674056831,7.952785,193,11.77978515625,-615,-3.3782958984375,1,1,1
89,0.682112631,7.99762,214,13.0615234375,-591,-3.2464599609375,1,1,1
90,0.689714736,7.553013,223,13.61083984375,-566,-3.109130859375,1,1,1
91,0.6969732,7.216125,221,13.48876953125,-553,-3.0377197265625,1,1,1
92,0.704223471,7.225086,229,13.97705078125,-528,-2.900390625,1,1,1
93,0.711850185,7.597816,233,14.22119140625,-514,-2.823486328125,1,1,1
94,0.720308958,8.41653,232,14.16015625,-488,-2.6806640625,1,1,1
95,0.727946361,7.590968,223,13.61083984375,-476,-2.61474609375,1,1,1
96,0.735225754,7.236126,206,12.5732421875,-453,-2.4884033203125,1,1,1
97,0.74242191,7.16649,192,11.71875,-442,-2.427978515625,1,1,1
98,0.750316035,7.79927,173,10.55908203125,-423,-2.3236083984375,1,1,1
99,0.758033507,7.674813,159,9.70458984375,-414,-2.274169921875,1,1,1
100,0.765566135,7.480112,121,7.38525390625,-401,-2.2027587890625,1,1,1
101,0.772855641,7.240863,102,6.2255859375,-396,-2.17529296875,1,1,1
102,0.780177406,7.245376,64,3.90625,-388,-2.13134765625,1,1,1
103,0.787464672,7.227326,44,2.685546875,-387,-2.1258544921875,1,1,1
104,0.795044534,7.5421,-7,-0.42724609375,-387,-2.1258544921875,1,0,1
105,0.802795385,7.563829,-34,-2.0751953125,-390,-2.142333984375,1,1,1
106,0.810283977,7.435084,-82,-5.0048828125,-399,-2.1917724609375,1,1,1
107,0.817655666,7.322597,-107,-6.53076171875,-406,-2.230224609375,1,1,1
108,0.824922706,7.237022,-159,-9.70458984375,-423,-2.3236083984375,1,1,1
109,0.832443301,7.494513,-188,-11.474609375,-434,-2.384033203125,1,1,1
110,0.840097345,7.599672,-234,-14.2822265625,-460,-2.52685546875,1,1,1
111,0.847787807,7.561653,-253,-15.44189453125,-475,-2.6092529296875,1,1,1
112,0.855285744,7.451117,-292,-17.822265625,-508,-2.79052734375,1,1,1
113,0.862661081,7.33319,-308,-18.798828125,-525,-2.8839111328125,1,1,1
114,0.870805815,8.072985,-329,-20.08056640625,-563,-3.0926513671875,1,1,1
115,0.878684259,7.827592,-322,-19.6533203125,-582,-3.197021484375,1,1,1
116,0.886231607,7.504113,-293,-17.88330078125,-616,-3.3837890625,1,1,1
117,0.893578302,7.309092,-261,-15.93017578125,-646,-3.548583984375,1,1,1
118,0.900862432,7.255232,-227,-13.85498046875,-658,-3.614501953125,1,1,1
119,0.908565503,7.676414,-194,-11.8408203125,-669,-3.6749267578125,1,1,1
120,0.916399048,7.708608,-114,-6.9580078125,-684,-3.75732421875,1,1,1
121,0.924077797,7.638106,-40,-2.44140625,-689,-3.7847900390625,1,1,1
122,0.931459598,7.34039,0,0.0,-689,-3.7847900390625,1,0,1
123,0.938632264,7.146264,68,4.150390625,-682,-3.746337890625,1,1,1
124,0.946196926,7.475152,98,5.9814453125,-676,-3.71337890625,1,1,1
125,0.953912766,7.611289,146,8.9111328125,-659,-3.6199951171875,1,1,1
126,0.961167294,7.211357,169,10.31494140625,-649,-3.5650634765625,1,1,1
127,0.968463681,7.262369,200,12.20703125,-626,-3.438720703125,1,1,1
128,0.975805959,7.317861,209,12.75634765625,-614,-3.372802734375,1,1,1
129,0.983039781,7.209373,216,13.18359375,-602,-3.306884765625,1,1,1
130,0.990535958,7.473647,225,13.73291015625,-576,-3.1640625,1,1,1
131,0.997871835,7.292962,227,13.85498046875,-563,-3.0926513671875,1,1,1
132,1.005133596,7.229022,229,13.97705078125,-537,-2.9498291015625,1,1,1
133,1.012405437,7.244127,233,14.22119140625,-524,-2.87841796875,1,1,1
134,1.019623514,7.195132,239,14.58740234375,-497,-2.7301025390625,1,1,1
135,1.027093225,7.442605,234,14.2822265625,-484,-2.65869140625,1,1,1
136,1.034588218,7.467023,209,12.75634765625,-460,-2.52685546875,1,1,1
137,1.04204676,7.352871,189,11.53564453125,-449,-2.4664306640625,1,1,1
138,1.049248868,7.17321,139,8.48388671875,-433,-2.3785400390625,1,1,1
139,1.056391964,7.119414,107,6.53076171875,-427,-2.3455810546875,1,1,1
140,1.06353922,7.122006,33,2.01416015625,-422,-2.318115234375,1,1,1
141,1.071258901,7.693759,-7,-0.42724609375,-423,-2.3236083984375,1,1,1
142,1.078663263,7.363463,-85,-5.18798828125,-432,-2.373046875,1,1,1
143,1.085938368,7.242911,-121,-7.38525390625,-439,-2.4114990234375,1,1,1
144,1.093234499,7.271649,-190,-11.5966796875,-460,-2.52685546875,1,1,1
145,1.100549159,7.288002,-219,-13.36669921875,-473,-2.5982666015625,1,1,1
146,1.108230373,7.65382,-231,-14.09912109375,-487,-2.6751708984375,1,1,1
147,1.116227225,7.898061,-278,-16.9677734375,-518,-2.845458984375,1,1,1
148,1.123609058,7.339046,-311,-18.98193359375,-553,-3.0377197265625,1,1,1
149,1.130913893,7.275489,-311,-18.98193359375,-571,-3.1365966796875,0,1,1
150,1.138255435,7.223037,-277,-16.90673828125,-604,-3.31787109375,1,1,1
151,1.145543789,7.254143,-261,-15.93017578125,-619,-3.4002685546875,1,1,1
152,1.153165639,7.590936,-327,-19.95849609375,-652,-3.58154296875,1,1,1
153,1.160708859,7.497873,-502,-30.6396484375,-680,-3.7353515625,1,1,1
154,1.168128423,7.373225,-358,-21.8505859375,-714,-3.922119140625,1,1,1
155,1.175418345,7.24944,-402,-24.5361328125,-737,-4.0484619140625,1,1,1
156,1.182774576,7.330533,-366,-22.3388671875,-781,-4.2901611328125,1,1,1
157,1.190127063,7.323621,-322,-19.6533203125,-799,-4.3890380859375,1,1,1
158,1.197957791,7.729249,-184,-11.23046875,-821,-4.5098876953125,1,1,1
159,1.2055157,7.508594,-92,-5.615234375,-825,-4.5318603515625,1,1,1
160,1.212730065,7.168122,38,2.3193359375,-825,-4.5318603515625,1,0,1
161,1.219991953,7.233918,109,6.65283203125,-818,-4.493408203125,1,1,1
162,1.227295701,7.279874,155,9.46044921875,-808,-4.4384765625,1,1,1
163,1.238077869,9.274638,243,14.83154296875,-770,-4.229736328125,1,1,1
164,1.245841169,7.715008,268,16.357421875,-755,-4.1473388671875,1,1,1
165,1.253394982,7.495089,309,18.85986328125,-720,-3.955078125,1,1,1
166,1.261019872,7.568214,321,19.59228515625,-701,-3.8507080078125,1,1,1
167,1.26853189,7.45819,334,20.3857421875,-664,-3.6474609375,1,1,1
168,1.27579221,7.23299,348,21.240234375,-644,-3.53759765625,1,1,1
169,1.283065459,7.249055,359,21.91162109375,-603,-3.3123779296875,1,1,1
170,1.290378071,7.247807,363,22.15576171875,-583,-3.2025146484375,1,1,1
171,1.297912427,7.50933,355,21.66748046875,-543,-2.9827880859375,1,1,1
172,1.305304084,7.33975,353,21.54541015625,-523,-2.8729248046875,1,1,1
173,1.312577653,7.238687,326,19.8974609375,-486,-2.669677734375,1,1,1
174,1.319779281,7.174298,291,17.76123046875,-470,-2.581787109375,1,1,1
175,1.32701992,7.218045,250,15.2587890625,-456,-2.5048828125,1,1,1
176,1.334308434,7.195739,171,10.43701171875,-436,-2.39501953125,1,1,1
177,1.341880872,7.538451,134,8.1787109375,-429,-2.3565673828125,1,1,1
178,1.349248752,7.321252,56,3.41796875,-422,-2.318115234375,1,1,1
179,1.356449292,7.178266,19,1.15966796875,-422,-2.318115234375,1,0,1
180,1.36364212,7.164378,-43,-2.62451171875,-426,-2.340087890625,1,1,1
181,1.370934634,7.270433,-75,-4.57763671875,-431,-2.3675537109375,1,1,1
182,1.378407033,7.448909,-110,-6.7138671875,-444,-2.43896484375,1,1,1
183,1.385812804,7.361736,-127,-7.75146484375,-452,-2.48291015625,1,1,1
184,1.39301376,7.174266,-142,-8.6669921875,-469,-2.5762939453125,1,1,1
185,1.400159032,7.121431,-149,-9.09423828125,-478,-2.625732421875,1,1,1
186,1.407249004,7.045937,-152,-9.27734375,-497,-2.7301025390625,1,1,1
187,1.414375811,7.102933,-145,-8.85009765625,-506,-2.779541015625,1,1,1
188,1.421660325,7.259905,-144,-8.7890625,-522,-2.867431640625,1,1,1
189,1.4290203,7.270465,-114,-6.9580078125,-529,-2.9058837890625,1,1,1
190,1.436209127,7.163385,-100,-6.103515625,-535,-2.9388427734375,1,1,1
191,1.443501129,7.226589,-81,-4.94384765625,-545,-2.9937744140625,1,1,1
192,1.450748617,7.224382,-82,-5.0048828125,-550,-3.021240234375,1,1,1
193,1.458097871,7.325765,-105,-6.40869140625,-561,-3.0816650390625,1,1,1
194,1.465719785,7.586647,-121,-7.38525390625,-568,-3.1201171875,1,1,1
195,1.473340771,7.565142,-159,-9.70458984375,-585,-3.2135009765625,1,1,1
196,1.48070817,7.305027,-170,-10.3759765625,-594,-3.262939453125,1,1,1
197,1.488001101,7.243455,-185,-11.29150390625,-615,-3.3782958984375,1,1,1
198,1.495431129,7.392489,-186,-11.3525390625,-625,-3.4332275390625,1,1,1
199,1.502967309,7.491569,-179,-10.92529296875,-646,-3.548583984375,1,1,1
200,1.510194827,7.1903,-169,-10.31494140625,-655,-3.5980224609375,1,1,1
201,1.517604565,7.383016,-141,-8.60595703125,-672,-3.69140625,1,1,1
202,1.52478968,7.123926,-121,-7.38525390625,-678,-3.724365234375,1,1,1
203,1.532111637,7.262016,-77,-4.69970703125,-688,-3.779296875,1,1,1
204,1.539529376,7.387113,-52,-3.173828125,-690,-3.790283203125,1,1,1
205,1.546861734,7.293635,-1,-0.06103515625,-691,-3.7957763671875,1,1,1
206,1.554118758,7.208925,22,1.3427734375,-689,-3.7847900390625,1,1,1
207,1.56124742,7.103477,58,3.5400390625,-683,-3.7518310546875,1,1,1
208,1.568417814,7.147384,71,4.33349609375,-679,-3.7298583984375,1,1,1
209,1.575639604,7.200028,83,5.06591796875,-674,-3.702392578125,1,1,1
210,1.582983738,7.194076,104,6.34765625,-662,-3.636474609375,1,1,1
211,1.59029363,7.285314,112,6.8359375,-656,-3.603515625,1,1,1
212,1.597643332,7.327333,135,8.23974609375,-641,-3.5211181640625,1,1,1
213,1.60494852,7.280514,146,8.9111328125,-632,-3.4716796875,1,1,1
214,1.612174533,7.201372,162,9.8876953125,-614,-3.372802734375,1,1,1
215,1.619456935,7.257888,166,10.1318359375,-605,-3.3233642578125,1,1,1
216,1.62677774,7.281026,176,10.7421875,-585,-3.2135009765625,1,1,1
217,1.633922596,7.114006,184,11.23046875,-575,-3.1585693359375,1,1,1
218,1.641016216,7.070707,193,11.77978515625,-553,-3.0377197265625,1,1,1
219,1.648182738,7.143224,191,11.65771484375,-543,-2.9827880859375,1,1,1
220,1.655647457,7.389354,189,11.53564453125,-532,-2.92236328125,1,1,1
221,1.663036202,7.257824,182,11.1083984375,-512,-2.8125,1,1,1
222,1.67024279,7.176218,176,10.7421875,-502,-2.757568359375,1,1,1
223,1.67744077,7.174746,159,9.70458984375,-484,-2.65869140625,1,1,1
224,1.684752166,7.287906,140,8.544921875,-477,-2.6202392578125,1,1,1
225,1.691963715,7.186971,89,5.43212890625,-466,-2.559814453125,1,1,1
226,1.699444242,7.459182,61,3.72314453125,-463,-2.5433349609375,1,1,1
227,1.706777528,7.294659,-2,-0.1220703125,-463,-2.5433349609375,1,0,1
228,1.714076251,7.216317,-32,-1.953125,-465,-2.5543212890625,1,1,1
229,1.721354812,7.252159,-94,-5.7373046875,-476,-2.61474609375,1,1,1
230,1.728535287,7.155833,-125,-7.62939453125,-483,-2.6531982421875,1,1,1
231,1.73591824,7.358983,-182,-11.1083984375,-503,-2.7630615234375,1,1,1
232,1.743063352,7.11135,-211,-12.87841796875,-516,-2.83447265625,1,1,1
233,1.750178894,7.088052,-232,-14.16015625,-529,-2.9058837890625,1,1,1
234,1.757372329,7.162937,-275,-16.78466796875,-560,-3.076171875,1,1,1
235,1.764598279,7.19878,-297,-18.12744140625,-577,-3.1695556640625,1,1,1
236,1.771812484,7.188827,-325,-19.83642578125,-613,-3.3673095703125,1,1,1
237,1.779245809,7.36596,-328,-20.01953125,-632,-3.4716796875,1,1,1
238,1.786899309,7.580887,-324,-19.775390625,-669,-3.6749267578125,1,1,1
239,1.794247795,7.293859,-325,-19.83642578125,-687,-3.7738037109375,1,1,1
240,1.801616219,7.329317,-329,-20.08056640625,-724,-3.97705078125,1,1,1
241,1.808921214,7.175706,-322,-19.6533203125,-742,-4.075927734375,1,1,1
242,1.81648818,7.504305,-281,-17.15087890625,-774,-4.251708984375,1,1,1
243,1.824095053,7.546645,-262,-15.9912109375,-788,-4.32861328125,1,1,1
244,1.831828046,7.65638,-218,-13.3056640625,-813,-4.4659423828125,1,1,1
245,1.839368674,7.48808,-193,-11.77978515625,-824,-4.5263671875,1,1,1
246,1.846750763,7.328901,-134,-8.1787109375,-839,-4.6087646484375,1,1,1
247,1.85393175,7.145432,-105,-6.40869140625,-844,-4.63623046875,1,1,1
248,1.861212231,7.250399,-52,-3.173828125,-850,-4.669189453125,1,1,1
249,1.868357568,7.119351,-22,-1.3427734375,-851,-4.6746826171875,1,1,1
250,1.875548027,7.164346,30,1.8310546875,-848,-4.658203125,1,1,1
251,1.883121137,7.542644,56,3.41796875,-844,-4.63623046875,1,1,1
252,1.890420628,7.257376,103,6.28662109375,-832,-4.5703125,1,1,1
253,1.897729368,7.27997,127,7.75146484375,-825,-4.5318603515625,1,1,1
254,1.905002681,7.187451,174,10.6201171875,-805,-4.4219970703125,1,1,1
255,1.912338494,7.312163,203,12.39013671875,-793,-4.3560791015625,1,1,1
256,1.919602399,7.241503,228,13.916015625,-780,-4.28466796875,1,1,1
257,1.926928484,7.28797,282,17.2119140625,-749,-4.1143798828125,1,1,1
258,1.934267946,7.310436,303,18.49365234375,-732,-4.02099609375,1,1,1
259,1.941512969,7.219742,341,20.81298828125,-694,-3.812255859375,1,1,1
260,1.948624319,7.086996,349,21.30126953125,-674,-3.702392578125,1,1,1
261,1.955847132,7.19878,353,21.54541015625,-634,-3.482666015625,1,1,1
262,1.963220836,7.349734,349,21.30126953125,-615,-3.3782958984375,1,1,1
263,1.970611598,7.352903,331,20.20263671875,-577,-3.1695556640625,1,1,1
264,1.977827339,7.189403,322,19.6533203125,-559,-3.0706787109375,1,1,1
265,1.984956706,7.106038,288,17.578125,-527,-2.8948974609375,1,1,1
266,1.992142749,7.162138,262,15.9912109375,-512,-2.8125,1,1,1
267,1.999522309,7.334149,234,14.2822265625,-500,-2.74658203125,1,1,1
268,2.006867788,7.309892,152,9.27734375,-482,-2.647705078125,1,1,1
269,2.014014564,7.122199,107,6.53076171875,-476,-2.61474609375,1,1,1
270,2.021383532,7.33847,15,0.91552734375,-474,-2.603759765625,1,1,1
271,2.028610602,7.201724,-29,-1.77001953125,-476,-2.61474609375,1,1,1
272,2.035778467,7.144312,-117,-7.14111328125,-489,-2.6861572265625,1,1,1
273,2.043180142,7.375497,-154,-9.3994140625,-499,-2.7410888671875,1,1,1
274,2.050840778,7.621402,-215,-13.12255859375,-523,-2.8729248046875,1,1,1
275,2.058305177,7.410507,-233,-14.22119140625,-537,-2.9498291015625,1,1,1
276,2.065668576,7.325285,-259,-15.80810546875,-567,-3.1146240234375,1,1,1
277,2.072937025,7.239711,-272,-16.6015625,-583,-3.2025146484375,1,1,1
278,2.080378734,7.415883,-278,-16.9677734375,-616,-3.3837890625,1,1,1
279,2.087786201,7.356263,-265,-16.17431640625,-631,-3.4661865234375,1,1,1
280,2.09534619,7.48248,-240,-14.6484375,-659,-3.6199951171875,1,1,1
281,2.102993994,7.598585,-225,-13.73291015625,-672,-3.69140625,1,1,1
282,2.110243753,7.16489,-193,-11.77978515625,-695,-3.8177490234375,1,1,1
283,2.117932583,7.604504,-175,-10.68115234375,-705,-3.8726806640625,1,1,1
284,2.125605541,7.638779,-140,-8.544921875,-721,-3.9605712890625,1,1,1
285,2.132942506,7.300931,-135,-8.23974609375,-729,-4.0045166015625,1,1,1
286,2.140360086,7.387465,-111,-6.77490234375,-741,-4.0704345703125,1,1,1
287,2.147845542,7.417323,-99,-6.04248046875,-747,-4.1033935546875,1,1,1
288,2.155142409,7.261153,-80,-4.8828125,-755,-4.1473388671875,1,1,1
289,2.162573493,7.39969,-71,-4.33349609375,-759,-4.1693115234375,1,1,1
290,2.169969919,7.348391,-53,-3.23486328125,-765,-4.2022705078125,1,1,1
291,2.17730442,7.299331,-38,-2.3193359375,-767,-4.2132568359375,1,1,1
292,2.184484543,7.148793,-15,-0.91552734375,-768,-4.21875,1,1,1
293,2.191984752,7.413675,0,0.0,-768,-4.21875,1,0,1
294,2.199443934,7.429132,27,1.64794921875,-766,-4.207763671875,1,1,1
295,2.206913229,7.422988,40,2.44140625,-763,-4.1912841796875,1,1,1
296,2.214159084,7.215165,71,4.33349609375,-756,-4.15283203125,1,1,1
297,2.221452431,7.267105,86,5.2490234375,-750,-4.119873046875,1,1,1
298,2.228598215,7.119638,104,6.34765625,-744,-4.0869140625,1,1,1
299,2.236020371,7.39425,144,8.7890625,-729,-4.0045166015625,1,1,1
300,2.243507747,7.458478,166,10.1318359375,-720,-3.955078125,1,1,1
301,2.250831976,7.282594,204,12.451171875,-697,-3.8287353515625,1,1,1
302,2.258132395,7.271073,226,13.7939453125,-685,-3.7628173828125,1,1,1
303,2.265410508,7.248479,246,15.0146484375,-657,-3.6090087890625,1,1,1
304,2.272645323,7.209629,259,15.80810546875,-643,-3.5321044921875,1,1,1
305,2.280054165,7.3786,265,16.17431640625,-613,-3.3673095703125,1,1,1
306,2.287405084,7.248159,262,15.9912109375,-599,-3.2904052734375,1,1,1
307,2.294636762,7.200508,256,15.625,-570,-3.131103515625,1,1,1
308,2.302155437,7.492017,250,15.2587890625,-556,-3.05419921875,1,1,1
309,2.309362953,7.175994,226,13.7939453125,-530,-2.911376953125,1,1,1
310,2.316592839,7.200092,216,13.18359375,-519,-2.8509521484375,1,1,1
311,2.324011731,7.388682,171,10.43701171875,-499,-2.7410888671875,1,1,1
312,2.33131439,7.263393,144,8.7890625,-492,-2.70263671875,1,1,1
313,2.338721952,7.369831,64,3.90625,-483,-2.6531982421875,1,1,1
314,2.345971392,7.219165,22,1.3427734375,-483,-2.6531982421875,1,0,1
315,2.353263234,7.263616,-17,-1.03759765625,-484,-2.65869140625,1,1,1
316,2.360678958,7.383817,-91,-5.55419921875,-494,-2.713623046875,1,1,1
317,2.368108602,7.385385,-121,-7.38525390625,-501,-2.7520751953125,1,1,1
318,2.37533916,7.194844,-188,-11.474609375,-522,-2.867431640625,1,1,1
319,2.382645179,7.218045,-215,-13.12255859375,-535,-2.9388427734375,1,1,1
320,2.389893659,7.218206,-252,-15.380859375,-564,-3.09814453125,1,1,1
321,2.397209247,7.288258,-272,-16.6015625,-580,-3.18603515625,1,1,1
322,2.40468171,7.439981,-281,-17.15087890625,-613,-3.3673095703125,1,1,1
323,2.412265925,7.53762,-275,-16.78466796875,-629,-3.4552001953125,1,1,1
324,2.419999559,7.677278,-249,-15.19775390625,-658,-3.614501953125,1,1,1
325,2.42746799,7.41966,-229,-13.97705078125,-671,-3.6859130859375,1,1,1
326,2.434873216,7.370088,-197,-12.02392578125,-695,-3.8177490234375,1,1,1
327,2.44233035,7.424684,-172,-10.498046875,-704,-3.8671875,1,1,1
328,2.450021549,7.6447,-118,-7.2021484375,-719,-3.9495849609375,1,1,1
329,2.457556096,7.486416,-98,-5.9814453125,-724,-3.97705078125,1,1,1
330,2.465046289,7.438605,-66,-4.0283203125,-732,-4.02099609375,1,1,1
331,2.472417497,7.323269,-50,-3.0517578125,-734,-4.031982421875,1,1,1
332,2.479746174,7.238623,-19,-1.15966796875,-737,-4.0484619140625,1,1,1
333,2.487012127,7.236607,-4,-0.244140625,-737,-4.0484619140625,1,0,1
334,2.49428448,7.244191,19,1.15966796875,-735,-4.0374755859375,1,1,1
335,2.501751503,7.442926,32,1.953125,-732,-4.02099609375,1,1,1
336,2.509106421,7.312067,57,3.47900390625,-726,-3.988037109375,1,1,1
337,2.516349876,7.216733,66,4.0283203125,-722,-3.966064453125,1,1,1
338,2.523662424,7.283745,86,5.2490234375,-713,-3.9166259765625,1,1,1
339,2.530939194,7.146296,97,5.92041015625,-707,-3.8836669921875,1,1,1
340,2.538090226,7.128311,119,7.26318359375,-694,-3.812255859375,1,1,1
341,2.545534432,7.41966,133,8.11767578125,-686,-3.768310546875,1,1,1
342,2.552868357,7.291938,159,9.70458984375,-669,-3.6749267578125,1,1,1
343,2.560170632,7.268769,174,10.6201171875,-659,-3.6199951171875,1,1,1
344,2.567434185,7.194364,184,11.23046875,-649,-3.5650634765625,1,1,1
345,2.574776943,7.250432,201,12.26806640625,-627,-3.4442138671875,1,1,1
346,2.58221926,7.417739,206,12.5732421875,-615,-3.3782958984375,1,1,1
347,2.589522815,7.260416,218,13.3056640625,-591,-3.2464599609375,1,1,1
348,2.596826915,7.276482,222,13.5498046875,-578,-3.175048828125,1,1,1
349,2.6039847,7.131416,209,12.75634765625,-555,-3.0487060546875,1,1,1
350,2.611220922,7.212317,203,12.39013671875,-544,-2.98828125,1,1,1
351,2.618364114,7.121046,176,10.7421875,-524,-2.87841796875,1,1,1
352,2.626188794,7.76858,156,9.521484375,-515,-2.8289794921875,1,1,1
353,2.633881625,7.553493,107,6.53076171875,-503,-2.7630615234375,1,1,1
354,2.641339047,7.405002,62,3.7841796875,-500,-2.74658203125,1,1,1
355,2.648591847,7.212477,-19,-1.15966796875,-500,-2.74658203125,1,0,1
356,2.655884713,7.222557,-56,-3.41796875,-504,-2.7685546875,1,1,1
357,2.66331295,7.399947,-126,-7.6904296875,-518,-2.845458984375,1,1,1
358,2.670845673,7.387625,-153,-9.33837890625,-527,-2.8948974609375,1,1,1
359,2.678113578,7.239903,-212,-12.939453125,-551,-3.0267333984375,1,1,1
360,2.685387595,7.213725,-230,-14.0380859375,-564,-3.09814453125,1,1,1
361,2.692585127,7.13964,-261,-15.93017578125,-594,-3.262939453125,1,1,1
362,2.700215393,7.572054,-266,-16.2353515625,-609,-3.3453369140625,1,1,1
363,2.707779479,7.517203,-258,-15.7470703125,-639,-3.5101318359375,1,1,1
364,2.715193442,7.356583,-251,-15.31982421875,-654,-3.592529296875,1,1,1
365,2.722586732,7.354503,-220,-13.427734375,-680,-3.7353515625,1,1,1
366,2.729980885,7.354375,-208,-12.6953125,-692,-3.80126953125,1,1,1
367,2.737423362,7.389449,-168,-10.25390625,-712,-3.9111328125,1,1,1
368,2.74482126,7.360423,-145,-8.85009765625,-720,-3.955078125,1,1,1
369,2.752164178,7.299459,-104,-6.34765625,-732,-4.02099609375,1,1,1
370,2.759424787,7.233375,-89,-5.43212890625,-737,-4.0484619140625,1,1,1
371,2.766732086,7.192603,-78,-4.7607421875,-741,-4.0704345703125,1,1,1
372,2.773992343,7.200028,-49,-2.99072265625,-746,-4.097900390625,1,1,1
373,2.781361726,7.316388,-35,-2.13623046875,-748,-4.10888671875,1,1,1
374,2.788658593,7.25872,-12,-0.732421875,-749,-4.1143798828125,1,1,1
375,2.795915297,7.228414,0,0.0,-749,-4.1143798828125,1,0,1
376,2.803028567,7.06229,22,1.3427734375,-747,-4.1033935546875,1,1,1
377,2.810333179,7.255488,34,2.0751953125,-745,-4.0924072265625,1,1,1
378,2.817452593,7.097365,56,3.41796875,-738,-4.053955078125,1,1,1
379,2.824807704,7.302755,70,4.2724609375,-734,-4.031982421875,1,1,1
380,2.832132381,7.287875,92,5.615234375,-724,-3.97705078125,1,1,1
381,2.839396093,7.239711,103,6.28662109375,-718,-3.944091796875,1,1,1
382,2.846627739,7.207548,131,7.99560546875,-704,-3.8671875,1,1,1
383,2.85378178,7.127031,141,8.60595703125,-696,-3.8232421875,1,1,1
384,2.86108844,7.192636,155,9.46044921875,-687,-3.7738037109375,1,1,1
385,2.868353944,7.239775,178,10.8642578125,-667,-3.6639404296875,1,1,1
386,2.875609464,7.216829,185,11.29150390625,-657,-3.6090087890625,1,1,1
387,2.882845175,7.109334,201,12.26806640625,-634,-3.482666015625,1,1,1
388,2.889998927,7.100277,208,12.6953125,-623,-3.4222412109375,1,1,1
389,2.897084675,7.062706,221,13.48876953125,-598,-3.284912109375,1,1,1
390,2.904477805,7.338726,227,13.85498046875,-585,-3.2135009765625,1,1,1
391,2.911850677,7.320132,225,13.73291015625,-560,-3.076171875,1,1,1
392,2.919044817,7.157593,217,13.24462890625,-548,-3.01025390625,1,1,1
393,2.926284368,7.213405,199,12.14599609375,-526,-2.889404296875,1,1,1
394,2.933413959,7.07698,185,11.29150390625,-516,-2.83447265625,1,1,1
395,2.940619651,7.154105,163,9.94873046875,-507,-2.7850341796875,1,1,1
396,2.94794228,7.295523,102,6.2255859375,-495,-2.7191162109375,1,1,1
397,2.955361459,7.314852,63,3.84521484375,-492,-2.70263671875,1,1,1
398,2.962699577,7.306148,-6,-0.3662109375,-492,-2.70263671875,1,0,1
399,2.969951673,7.220126,-40,-2.44140625,-495,-2.7191162109375,1,1,1
400,2.977227706,7.209085,-107,-6.53076171875,-506,-2.779541015625,1,1,1
401,2.984642181,7.357479,-139,-8.48388671875,-515,-2.8289794921875,1,1,1
402,2.992367174,7.667965,-195,-11.90185546875,-537,-2.9498291015625,1,1,1
403,3.000044004,7.574455,-213,-13.00048828125,-549,-3.0157470703125,1,1,1
404,3.007387594,7.300227,-243,-14.83154296875,-577,-3.1695556640625,1,1,1
405,3.014635241,7.209212,-249,-15.19775390625,-592,-3.251953125,1,1,1
406,3.022095256,7.378249,-262,-15.9912109375,-622,-3.416748046875,1,1,1
407,3.029464831,7.321604,-259,-15.80810546875,-637,-3.4991455078125,1,1,1
408,3.037049399,7.541941,-230,-14.0380859375,-664,-3.6474609375,1,1,1
409,3.044439136,7.33959,-218,-13.3056640625,-676,-3.71337890625,1,1,1
410,3.051888302,7.339718,-198,-12.0849609375,-699,-3.8397216796875,1,1,1
411,3.059083721,7.160985,-180,-10.986328125,-709,-3.8946533203125,1,1,1
412,3.066366411,7.224702,-137,-8.36181640625,-725,-3.9825439453125,1,1,1
413,3.073499042,7.076403,-113,-6.89697265625,-732,-4.02099609375,1,1,1
414,3.080622841,7.071123,-94,-5.7373046875,-737,-4.0484619140625,1,1,1
415,3.087962143,7.282946,-57,-3.47900390625,-743,-4.0814208984375,1,1,1
416,3.095253089,7.259232,-35,-2.13623046875,-745,-4.0924072265625,1,1,1
417,3.102372311,7.063954,3,0.18310546875,-745,-4.0924072265625,1,0,1
418,3.10949275,7.097749,23,1.40380859375,-743,-4.0814208984375,1,1,1
419,3.116643526,7.094932,57,3.47900390625,-737,-4.0484619140625,1,1,1
420,3.124210108,7.513874,71,4.33349609375,-733,-4.0264892578125,1,1,1
421,3.131612679,7.361992,99,6.04248046875,-722,-3.966064453125,1,1,1
422,3.138943436,7.290723,109,6.65283203125,-715,-3.9276123046875,1,1,1
423,3.146164265,7.146424,128,7.8125,-701,-3.8507080078125,1,1,1
424,3.15331933,7.096629,140,8.544921875,-693,-3.8067626953125,1,1,1
425,3.160464538,7.12143,152,9.27734375,-684,-3.75732421875,1,1,1
426,3.167926761,7.436813,169,10.31494140625,-666,-3.658447265625,1,1,1
427,3.175228396,7.256064,174,10.6201171875,-656,-3.603515625,1,1,1
428,3.18252091,7.263232,180,10.986328125,-636,-3.49365234375,1,1,1
429,3.189814001,7.234174,183,11.16943359375,-625,-3.4332275390625,1,1,1
430,3.196978378,7.109973,191,11.65771484375,-604,-3.31787109375,1,1,1
431,3.204145604,7.115158,196,11.962890625,-593,-3.2574462890625,1,1,1
432,3.211647413,7.471151,185,11.29150390625,-572,-3.14208984375,1,1,1
433,3.219201706,7.388361,181,11.04736328125,-562,-3.087158203125,1,1,1
434,3.226572402,7.32538,163,9.94873046875,-544,-2.98828125,1,1,1
435,3.234033281,7.419596,155,9.46044921875,-536,-2.9443359375,1,1,1
436,3.242917812,8.753898,134,8.1787109375,-521,-2.8619384765625,1,1,1
437,3.250238552,7.280225,117,7.14111328125,-514,-2.823486328125,1,1,1
438,3.257792813,7.50869,74,4.5166015625,-506,-2.779541015625,1,1,1
439,3.26531488,7.426956,20,1.220703125,-503,-2.7630615234375,1,1,1
440,3.272624644,7.272545,-2,-0.1220703125,-504,-2.7685546875,1,1,1
441,3.279902725,7.242143,-26,-1.5869140625,-506,-2.779541015625,1,1,1
442,3.287413367,7.478672,-64,-3.90625,-513,-2.8179931640625,1,1,1
443,3.295058931,7.548821,-77,-4.69970703125,-518,-2.845458984375,1,1,1
444,3.302490207,7.393802,-99,-6.04248046875,-530,-2.911376953125,1,1,1
445,3.309799043,7.275234,-107,-6.53076171875,-536,-2.9443359375,1,1,1
446,3.317082308,7.247551,-120,-7.32421875,-550,-3.021240234375,1,1,1
447,3.324688477,7.574422,-128,-7.8125,-558,-3.065185546875,1,1,1
448,3.332581162,7.475792,-147,-8.97216796875,-575,-3.1585693359375,1,1,1
449,3.340120126,7.436845,-157,-9.58251953125,-593,-3.2574462890625,1,1,1
450,3.347439842,7.287426,-166,-10.1318359375,-602,-3.306884765625,1,1,1
451,3.354747238,7.280258,-170,-10.3759765625,-612,-3.36181640625,1,1,1
452,3.362071179,7.253376,-168,-10.25390625,-631,-3.4661865234375,1,1,1
453,3.369447283,7.345574,-165,-10.07080078125,-641,-3.5211181640625,1,1,1
454,3.37685315,7.362376,-162,-9.8876953125,-659,-3.6199951171875,1,1,1
455,3.384096477,7.212733,-165,-10.07080078125,-668,-3.66943359375,1,1,1
456,3.391229204,7.105813,-155,-9.46044921875,-686,-3.768310546875,1,1,1
457,3.398351914,7.094868,-150,-9.1552734375,-694,-3.812255859375,1,1,1
458,3.405688816,7.310788,-126,-7.6904296875,-709,-3.8946533203125,1,1,1
459,3.412997332,7.267361,-110,-6.7138671875,-714,-3.922119140625,1,1,1
460,3.420360443,7.331301,-70,-4.2724609375,-723,-3.9715576171875,1,1,1
461,3.427521524,7.132695,-45,-2.74658203125,-725,-3.9825439453125,1,1,1
462,3.434866811,7.249248,3,0.18310546875,-726,-3.988037109375,1,1,1
463,3.442120731,7.191836,29,1.77001953125,-724,-3.97705078125,1,1,1
464,3.44962654,7.448589,57,3.47900390625,-720,-3.955078125,1,1,1
465,3.456947825,7.22563,110,6.7138671875,-709,-3.8946533203125,1,1,1
466,3.464230739,7.21859,132,8.056640625,-701,-3.8507080078125,1,1,1
467,3.471330695,7.046353,171,10.43701171875,-682,-3.746337890625,1,1,1
468,3.478473311,7.089492,191,11.65771484375,-671,-3.6859130859375,1,1,1
469,3.485832359,7.303972,210,12.8173828125,-647,-3.5540771484375,1,1,1
470,3.493088839,7.179099,219,13.36669921875,-635,-3.4881591796875,1,1,1
471,3.500382057,7.229822,234,14.2822265625,-608,-3.33984375,1,1,1
472,3.507656875,7.215614,240,14.6484375,-595,-3.2684326171875,1,1,1
473,3.514969551,7.187292,235,14.34326171875,-568,-3.1201171875,1,1,1
474,3.522113991,7.092725,226,13.7939453125,-555,-3.0487060546875,1,1,1
475,3.52958767,7.360199,194,11.8408203125,-533,-2.9278564453125,1,1,1
476,3.536897818,7.237311,177,10.80322265625,-523,-2.8729248046875,1,1,1
477,3.544169339,7.214973,142,8.6669921875,-507,-2.7850341796875,1,1,1
478,3.551330484,7.107829,118,7.2021484375,-501,-2.7520751953125,1,1,1
479,3.558719838,7.326949,89,5.43212890625,-496,-2.724609375,1,1,1
480,3.566365305,7.576407,25,1.52587890625,-493,-2.7081298828125,1,1,1
481,3.574141726,7.714369,-3,-0.18310546875,-494,-2.713623046875,1,1,1
482,3.581692434,7.501361,-57,-3.47900390625,-500,-2.74658203125,1,1,1
483,3.589082588,7.352103,-81,-4.94384765625,-505,-2.7740478515625,1,1,1
484,3.596330107,7.213501,-123,-7.50732421875,-519,-2.8509521484375,1,1,1
485,3.603785673,7.427852,-143,-8.72802734375,-527,-2.8948974609375,1,1,1
486,3.611294779,7.476399,-166,-10.1318359375,-546,-2.999267578125,1,1,1
487,3.618746793,7.399946,-173,-10.55908203125,-556,-3.05419921875,1,1,1
488,3.626450121,7.583992,-170,-10.3759765625,-576,-3.1640625,1,1,1
489,3.633868116,7.366536,-167,-10.19287109375,-586,-3.218994140625,1,1,1
490,3.641180632,7.277794,-166,-10.1318359375,-605,-3.3233642578125,1,1,1
491,3.648448825,7.235295,-171,-10.43701171875,-615,-3.3782958984375,1,1,1
492,3.655817697,7.340262,-164,-10.009765625,-634,-3.482666015625,1,1,1
493,3.663187209,7.34359,-157,-9.58251953125,-643,-3.5321044921875,1,1,1
494,3.6707143,7.487281,-146,-8.9111328125,-659,-3.6199951171875,1,1,1
495,3.67800723,7.246335,-142,-8.6669921875,-667,-3.6639404296875,1,1,1
496,3.685321538,7.276161,-129,-7.87353515625,-682,-3.746337890625,1,1,1
497,3.69256829,7.218558,-121,-7.38525390625,-689,-3.7847900390625,1,1,1
498,3.699895207,7.300003,-101,-6.16455078125,-700,-3.84521484375,1,1,1
499,3.707236589,7.315204,-99,-6.04248046875,-706,-3.878173828125,1,1,1
500,3.71459874,7.281602,-90,-5.4931640625,-716,-3.93310546875,1,1,1
501,3.72199459,7.312452,-85,-5.18798828125,-720,-3.955078125,1,1,1
502,3.729268671,7.240319,-79,-4.82177734375,-729,-4.0045166015625,1,1,1
503,3.736581123,7.28461,-75,-4.57763671875,-733,-4.0264892578125,1,1,1
504,3.743948747,7.34151,-62,-3.7841796875,-740,-4.06494140625,1,1,1
505,3.751267568,7.284322,-53,-3.23486328125,-742,-4.075927734375,1,1,1
506,3.758675002,7.365095,-45,-2.74658203125,-747,-4.1033935546875,1,1,1
507,3.765900408,7.19654,-34,-2.0751953125,-749,-4.1143798828125,1,1,1
508,3.773072338,7.145784,-26,-1.5869140625,-750,-4.119873046875,1,1,1
509,3.780328018,7.22579,-7,-0.42724609375,-751,-4.1253662109375,1,1,1
510,3.787570417,7.215453,10,0.6103515625,-750,-4.119873046875,1,1,1
511,3.794945529,7.291298,29,1.77001953125,-747,-4.1033935546875,1,1,1
512,3.802181304,7.209533,40,2.44140625,-744,-4.0869140625,1,1,1
513,3.809540991,7.309219,62,3.7841796875,-737,-4.0484619140625,1,1,1
514,3.816807296,7.174106,74,4.5166015625,-733,-4.0264892578125,1,1,1
515,3.82398505,7.154968,85,5.18798828125,-724,-3.97705078125,1,1,1
516,3.832349993,8.341965,87,5.31005859375,-718,-3.944091796875,1,1,1
517,3.840022982,7.614649,97,5.92041015625,-707,-3.8836669921875,1,1,1
518,3.847493845,7.370952,99,6.04248046875,-702,-3.856201171875,1,1,1
519,3.854869118,7.339334,108,6.591796875,-690,-3.790283203125,1,1,1
520,3.862354926,7.45387,111,6.77490234375,-684,-3.75732421875,1,1,1
521,3.869833758,7.448494,120,7.32421875,-671,-3.6859130859375,1,1,1
522,3.877130528,7.251807,120,7.32421875,-664,-3.6474609375,0,1,1
523,3.884370079,7.209244,128,7.8125,-650,-3.570556640625,1,1,1
524,3.891481685,7.084116,131,7.99560546875,-642,-3.526611328125,1,1,1
525,3.898676593,7.170042,133,8.11767578125,-628,-3.44970703125,1,1,1
526,3.906133119,7.431917,132,8.056640625,-621,-3.4112548828125,1,1,1
527,3.913545706,7.299267,125,7.62939453125,-607,-3.3343505859375,1,1,1
528,3.920775784,7.201788,117,7.14111328125,-600,-3.2958984375,1,1,1
529,3.928045161,7.243071,94,5.7373046875,-590,-3.240966796875,1,1,1
530,3.935171872,7.103221,78,4.7607421875,-586,-3.218994140625,1,1,1
531,3.94243808,7.241535,60,3.662109375,-582,-3.197021484375,1,1,1
532,3.949876045,7.412971,20,1.220703125,-580,-3.18603515625,1,1,1
533,3.957279736,7.346983,1,0.06103515625,-580,-3.18603515625,1,0,1
534,3.964536248,7.229246,-42,-2.5634765625,-585,-3.2135009765625,1,1,1
535,3.971896735,7.336742,-59,-3.60107421875,-588,-3.22998046875,1,1,1
536,3.979124029,7.156185,-89,-5.43212890625,-598,-3.284912109375,1,1,1
537,3.986793178,7.643515,-99,-6.04248046875,-604,-3.31787109375,1,1,1
538,3.994593888,7.744578,-113,-6.89697265625,-618,-3.394775390625,1,1,1
539,4.001920485,7.284354,-127,-7.75146484375,-625,-3.4332275390625,1,1,1
540,4.00926958,7.271457,-132,-8.056640625,-641,-3.5211181640625,1,1,1
541,4.016489257,7.184315,-136,-8.30078125,-648,-3.5595703125,1,1,1
542,4.023897364,7.375432,-140,-8.544921875,-665,-3.6529541015625,1,1,1
543,4.031244923,7.314821,-140,-8.544921875,-673,-3.6968994140625,0,1,1
544,4.038638756,7.349702,-136,-8.30078125,-688,-3.779296875,1,1,1
545,4.045872355,7.200444,-131,-7.99560546875,-696,-3.8232421875,1,1,1
546,4.053178278,7.277025,-113,-6.89697265625,-709,-3.8946533203125,1,1,1
547,4.060484842,7.279234,-109,-6.65283203125,-715,-3.9276123046875,1,1,1
548,4.068021885,7.511602,-92,-5.615234375,-726,-3.988037109375,1,1,1
549,4.075451402,7.386953,-79,-4.82177734375,-730,-4.010009765625,1,1,1
550,4.082747565,7.265857,-56,-3.41796875,-737,-4.0484619140625,1,1,1
551,4.089971242,7.196316,-46,-2.8076171875,-740,-4.06494140625,1,1,1
552,4.097108898,7.114006,-38,-2.3193359375,-742,-4.075927734375,1,1,1
553,4.104510028,7.301763,-17,-1.03759765625,-744,-4.0869140625,1,1,1
554,4.111932344,7.395562,-6,-0.3662109375,-744,-4.0869140625,1,0,1
555,4.119220986,7.250111,9,0.54931640625,-743,-4.0814208984375,1,1,1
556,4.12661274,7.363336,18,1.0986328125,-742,-4.075927734375,1,1,1
557,4.133785822,7.145816,35,2.13623046875,-738,-4.053955078125,1,1,1
558,4.141163814,7.331877,44,2.685546875,-735,-4.0374755859375,1,1,1
559,4.148714459,7.525555,62,3.7841796875,-728,-3.9990234375,1,1,1
560,4.156211724,7.454702,74,4.5166015625,-724,-3.97705078125,1,1,1
561,4.163474861,7.231263,90,5.4931640625,-714,-3.922119140625,1,1,1
562,4.170756622,7.252127,97,5.92041015625,-709,-3.8946533203125,1,1,1
563,4.177908231,7.125399,117,7.14111328125,-696,-3.8232421875,1,1,1
564,4.185024253,7.0917,127,7.75146484375,-689,-3.7847900390625,1,1,1
565,4.192471051,7.418476,139,8.48388671875,-674,-3.702392578125,1,1,1
566,4.20040121,7.79303,143,8.72802734375,-666,-3.658447265625,1,1,1
567,4.208018996,7.55935,145,8.85009765625,-650,-3.570556640625,1,1,1
568,4.215295445,7.240319,148,9.033203125,-641,-3.5211181640625,1,1,1
569,4.222572214,7.244415,146,8.9111328125,-625,-3.4332275390625,1,1,1
570,4.230201393,7.601497,145,8.85009765625,-617,-3.3892822265625,1,1,1
571,4.23764419,7.393994,127,7.75146484375,-603,-3.3123779296875,1,1,1
572,4.245307675,7.617658,118,7.2021484375,-596,-3.27392578125,1,1,1
573,4.252716517,7.354663,91,5.55419921875,-586,-3.218994140625,1,1,1
574,4.260089326,7.319589,73,4.45556640625,-582,-3.197021484375,1,1,1
575,4.26731646,7.194876,32,1.953125,-578,-3.175048828125,1,1,1
576,4.274480965,7.136215,12,0.732421875,-578,-3.175048828125,1,0,1
577,4.281803018,7.295395,-20,-1.220703125,-580,-3.18603515625,1,1,1
578,4.289320188,7.492433,-31,-1.89208984375,-582,-3.197021484375,1,1,1
579,4.296784139,7.358599,-44,-2.685546875,-588,-3.22998046875,1,1,1
580,4.303993095,7.169465,-52,-3.173828125,-591,-3.2464599609375,1,1,1
581,4.31114992,7.127382,-52,-3.173828125,-594,-3.262939453125,0,1,1
582,4.318403072,7.224222,-52,-3.173828125,-601,-3.3013916015625,0,1,1
583,4.325802218,7.374696,-42,-2.5634765625,-604,-3.31787109375,1,1,1
584,4.333400194,7.496625,-28,-1.708984375,-608,-3.33984375,1,1,1
585,4.340777579,7.332773,-21,-1.28173828125,-609,-3.3453369140625,1,1,1
586,4.348225528,7.417291,-11,-0.67138671875,-611,-3.3563232421875,1,1,1
587,4.355732298,7.453102,-13,-0.79345703125,-612,-3.36181640625,1,1,1
588,4.363119283,7.34439,-26,-1.5869140625,-615,-3.3782958984375,1,1,1
589,4.37058685,7.399818,-35,-2.13623046875,-617,-3.3892822265625,1,1,1
590,4.378131991,7.493841,-83,-5.06591796875,-626,-3.438720703125,1,1,1
591,4.385510207,7.303235,-102,-6.2255859375,-632,-3.4716796875,1,1,1
592,4.392858342,7.314756,-144,-8.7890625,-647,-3.5540771484375,1,1,1
593,4.400090596,7.201756,-166,-10.1318359375,-657,-3.6090087890625,1,1,1
594,4.408173342,8.054008,-203,-12.39013671875,-679,-3.7298583984375,1,1,1
595,4.415789592,7.558358,-208,-12.6953125,-690,-3.790283203125,1,1,1
596,4.423165024,7.321444,-201,-12.26806640625,-714,-3.922119140625,1,1,1
597,4.430508006,7.307235,-196,-11.962890625,-725,-3.9825439453125,1,1,1
598,4.437739588,7.192379,-173,-10.55908203125,-745,-4.0924072265625,1,1,1
599,4.445038823,7.164121,-157,-9.58251953125,-754,-4.141845703125,1,1,1
600,4.452472916,7.405418,-114,-6.9580078125,-767,-4.2132568359375,1,1,1
601,4.460221591,7.697695,-85,-5.18798828125,-772,-4.24072265625,1,1,1
602,4.467751914,7.468623,-26,-1.5869140625,-776,-4.2626953125,1,1,1
603,4.475218201,7.392074,-5,-0.30517578125,-776,-4.2626953125,1,0,1
604,4.482676647,7.413067,50,3.0517578125,-771,-4.2352294921875,1,1,1
605,4.490291393,7.443342,79,4.82177734375,-766,-4.207763671875,1,1,1
606,4.497824084,7.442925,123,7.50732421875,-753,-4.1363525390625,1,1,1
607,4.505186428,7.269697,146,8.9111328125,-744,-4.0869140625,1,1,1
608,4.512648586,7.392009,170,10.3759765625,-725,-3.9825439453125,1,1,1
609,4.519920683,7.206556,183,11.16943359375,-715,-3.9276123046875,1,1,1
610,4.529599222,9.61559,208,12.6953125,-692,-3.80126953125,1,1,1
611,4.536959678,7.311844,222,13.5498046875,-667,-3.6639404296875,1,1,1
612,4.544381737,7.343142,225,13.73291015625,-654,-3.592529296875,1,1,1
613,4.551629961,7.215581,230,14.0380859375,-628,-3.44970703125,1,1,1
614,4.55899384,7.334469,230,14.0380859375,-615,-3.3782958984375,0,1,1
615,4.568164279,9.143461,227,13.85498046875,-590,-3.240966796875,1,1,1
616,4.575755311,7.538036,217,13.24462890625,-578,-3.175048828125,1,1,1
617,4.583067955,7.2608,188,11.474609375,-556,-3.05419921875,1,1,1
618,4.590526305,7.364167,173,10.55908203125,-547,-3.0047607421875,1,1,1
619,4.597748799,7.189371,137,8.36181640625,-531,-2.9168701171875,1,1,1
620,4.604926362,7.150745,112,6.8359375,-525,-2.8839111328125,1,1,1
621,4.612306818,7.346406,49,2.99072265625,-519,-2.8509521484375,1,1,1
622,4.619493373,7.112437,19,1.15966796875,-519,-2.8509521484375,1,0,1
623,4.626764927,7.206877,-34,-2.0751953125,-522,-2.867431640625,1,1,1
624,4.633920119,7.094644,-57,-3.47900390625,-526,-2.889404296875,1,1,1
625,4.641190584,7.213917,-119,-7.26318359375,-539,-2.9608154296875,1,1,1
626,4.648526334,7.31146,-146,-8.9111328125,-548,-3.01025390625,1,1,1
627,4.655945162,7.354215,-189,-11.53564453125,-569,-3.1256103515625,1,1,1
628,4.66328872,7.275682,-201,-12.26806640625,-581,-3.1915283203125,1,1,1
629,4.670620309,7.278305,-226,-13.7939453125,-606,-3.328857421875,1,1,1
630,4.677910167,7.245695,-243,-14.83154296875,-620,-3.40576171875,1,1,1
631,4.685165975,7.174458,-247,-15.07568359375,-635,-3.4881591796875,1,1,1
632,4.692437593,7.250208,-232,-14.16015625,-662,-3.636474609375,1,1,1
633,4.699849764,7.372937,-221,-13.48876953125,-675,-3.7078857421875,1,1,1
634,4.707088514,7.212925,-200,-12.20703125,-698,-3.834228515625,1,1,1
635,4.714360964,7.248768,-189,-11.53564453125,-708,-3.88916015625,1,1,1
636,4.721508092,7.123511,-149,-9.09423828125,-726,-3.988037109375,1,1,1
637,4.728882148,7.348486,-123,-7.50732421875,-733,-4.0264892578125,1,1,1
638,4.736208649,7.246143,-80,-4.8828125,-742,-4.075927734375,1,1,1
639,4.743593618,7.308579,-57,-3.47900390625,-745,-4.0924072265625,1,1,1
640,4.751006589,7.379496,-12,-0.732421875,-748,-4.10888671875,1,1,1
641,4.758289631,7.25488,9,0.54931640625,-747,-4.1033935546875,1,1,1
642,4.765594307,7.252064,42,2.5634765625,-742,-4.075927734375,1,1,1
643,4.772968907,7.303459,58,3.5400390625,-739,-4.0594482421875,1,1,1
644,4.780686796,7.588824,83,5.06591796875,-729,-4.0045166015625,1,1,1
645,4.788075221,7.326661,95,5.79833984375,-724,-3.97705078125,1,1,1
646,4.79537964,7.217213,108,6.591796875,-712,-3.9111328125,1,1,1
647,4.802832998,7.40769,115,7.01904296875,-705,-3.8726806640625,1,1,1
648,4.810098919,7.226718,122,7.4462890625,-691,-3.7957763671875,1,1,1
649,4.817711136,7.570518,126,7.6904296875,-684,-3.75732421875,1,1,1
650,4.825368317,7.601273,128,7.8125,-669,-3.6749267578125,1,1,1
651,4.833042714,7.618586,125,7.62939453125,-662,-3.636474609375,1,1,1
652,4.840456229,7.356327,120,7.32421875,-648,-3.5595703125,1,1,1
653,4.847872113,7.344871,114,6.9580078125,-642,-3.526611328125,1,1,1
654,4.85522796,7.320709,109,6.65283203125,-630,-3.460693359375,1,1,1
655,4.862465366,7.209148,111,6.77490234375,-623,-3.4222412109375,1,1,1
656,4.869830238,7.306308,102,6.2255859375,-612,-3.36181640625,1,1,1
657,4.877405524,7.500753,92,5.615234375,-607,-3.3343505859375,1,1,1
658,4.88474201,7.284898,73,4.45556640625,-599,-3.2904052734375,1,1,1
659,4.892022044,7.207165,67,4.08935546875,-595,-3.2684326171875,1,1,1
660,4.8992767,7.19958,57,3.47900390625,-592,-3.251953125,1,1,1
661,4.90639349,7.053938,26,1.5869140625,-589,-3.2354736328125,1,1,1
662,4.913756826,7.341383,10,0.6103515625,-589,-3.2354736328125,1,0,1
663,4.921027579,7.224126,-28,-1.708984375,-591,-3.2464599609375,1,1,1
664,4.928330686,7.274721,-45,-2.74658203125,-594,-3.262939453125,1,1,1
665,4.935580445,7.222461,-80,-4.8828125,-603,-3.3123779296875,1,1,1
666,4.9428768,7.241279,-98,-5.9814453125,-609,-3.3453369140625,1,1,1
667,4.95004713,7.117142,-143,-8.72802734375,-624,-3.427734375,1,1,1
668,4.957465702,7.354535,-165,-10.07080078125,-634,-3.482666015625,1,1,1
669,4.964833934,7.331174,-184,-11.23046875,-655,-3.5980224609375,1,1,1
670,4.97212008,7.200284,-190,-11.5966796875,-666,-3.658447265625,1,1,1
671,4.979398385,7.250367,-196,-11.962890625,-688,-3.779296875,1,1,1
672,4.986760153,7.334598,-197,-12.02392578125,-699,-3.8397216796875,1,1,1
673,4.994242089,7.458671,-193,-11.77978515625,-710,-3.900146484375,1,1,1
674,5.001643539,7.357639,-178,-10.8642578125,-731,-4.0155029296875,1,1,1
675,5.008970968,7.297891,-166,-10.1318359375,-740,-4.06494140625,1,1,1
676,5.016179253,7.177499,-140,-8.544921875,-756,-4.15283203125,1,1,1
677,5.023470999,7.218877,-126,-7.6904296875,-763,-4.1912841796875,1,1,1
678,5.030675796,7.150969,-90,-5.4931640625,-774,-4.251708984375,1,1,1
679,5.038252586,7.516626,-72,-4.39453125,-778,-4.273681640625,1,1,1
680,5.0460997,7.7673,-31,-1.89208984375,-782,-4.295654296875,1,1,1
681,5.053668906,7.513362,-15,-0.91552734375,-782,-4.295654296875,1,0,1
682,5.061063316,7.351047,22,1.3427734375,-780,-4.28466796875,1,1,1
683,5.068353014,7.190619,41,2.50244140625,-778,-4.273681640625,1,1,1
684,5.075863016,7.449293,78,4.7607421875,-769,-4.2242431640625,1,1,1
685,5.083074085,7.171578,91,5.55419921875,-764,-4.19677734375,1,1,1
686,5.090331013,7.194012,116,7.080078125,-751,-4.1253662109375,1,1,1
687,5.097643625,7.288674,129,7.87353515625,-744,-4.0869140625,1,1,1
688,5.10476944,7.071571,141,8.60595703125,-728,-3.9990234375,1,1,1
689,5.111926297,7.102613,152,9.27734375,-719,-3.9495849609375,1,1,1
690,5.119292545,7.295267,159,9.70458984375,-701,-3.8507080078125,1,1,1
691,5.126549985,7.221854,160,9.765625,-692,-3.80126953125,1,1,1
692,5.133840483,7.264736,158,9.6435546875,-674,-3.702392578125,1,1,1
693,5.141051264,7.186523,153,9.33837890625,-665,-3.6529541015625,1,1,1
694,5.1481982,7.123894,146,8.9111328125,-657,-3.6090087890625,1,1,1
695,5.15544908,7.228766,130,7.9345703125,-642,-3.526611328125,1,1,1
696,5.162783326,7.238175,122,7.4462890625,-635,-3.4881591796875,1,1,1
697,5.169940119,7.131,107,6.53076171875,-623,-3.4222412109375,1,1,1
698,5.17721084,7.248384,96,5.859375,-618,-3.394775390625,1,1,1
699,5.184523612,7.261569,67,4.08935546875,-610,-3.350830078125,1,1,1
700,5.191653683,7.0805,50,3.0517578125,-608,-3.33984375,1,1,1
701,5.199044604,7.248863,7,0.42724609375,-607,-3.3343505859375,1,1,1
702,5.206238968,7.163834,-18,-1.0986328125,-608,-3.33984375,1,1,1
703,5.213594271,7.28957,-53,-3.23486328125,-614,-3.372802734375,1,1,1
704,5.220812412,7.165433,-78,-4.7607421875,-619,-3.4002685546875,1,1,1
705,5.227964949,7.100629,-100,-6.103515625,-625,-3.4332275390625,1,1,1
706,5.235217557,7.229118,-135,-8.23974609375,-640,-3.515625,1,1,1
707,5.242409616,7.160889,-145,-8.85009765625,-648,-3.5595703125,1,1,1
708,5.249666512,7.230974,-157,-9.58251953125,-666,-3.658447265625,1,1,1
709,5.256986453,7.232831,-160,-9.765625,-676,-3.71337890625,1,1,1
710,5.264090186,7.082324,-164,-10.009765625,-695,-3.8177490234375,1,1,1
711,5.271211521,7.100949,-161,-9.82666015625,-704,-3.8671875,1,1,1
712,5.278699889,7.436685,-148,-9.033203125,-721,-3.9605712890625,1,1,1
713,5.286019574,7.285507,-141,-8.60595703125,-729,-4.0045166015625,1,1,1
714,5.293277494,7.232479,-122,-7.4462890625,-743,-4.0814208984375,1,1,1
715,5.300390188,7.051122,-109,-6.65283203125,-750,-4.119873046875,1,1,1
716,5.307608553,7.166138,-96,-5.859375,-755,-4.1473388671875,1,1,1
717,5.314972945,7.231103,-72,-4.39453125,-763,-4.1912841796875,1,1,1
718,5.322328952,7.294467,-61,-3.72314453125,-767,-4.2132568359375,1,1,1
719,5.32958988,7.205949,-26,-1.5869140625,-770,-4.229736328125,1,1,1
720,5.336799669,7.158009,-9,-0.54931640625,-770,-4.229736328125,1,0,1
721,5.344041556,7.184955,21,1.28173828125,-768,-4.21875,1,1,1
722,5.351325558,7.209821,38,2.3193359375,-766,-4.207763671875,1,1,1
723,5.358756674,7.408747,63,3.84521484375,-759,-4.1693115234375,1,1,1
724,5.366101032,7.255744,75,4.57763671875,-755,-4.1473388671875,1,1,1
725,5.37337649,7.218174,89,5.43212890625,-745,-4.0924072265625,1,1,1
726,5.380498112,7.066994,94,5.7373046875,-739,-4.0594482421875,1,1,1
727,5.387608854,7.058386,103,6.28662109375,-734,-4.031982421875,1,1,1
728,5.395104583,7.474224,111,6.77490234375,-721,-3.9605712890625,1,1,1
729,5.402738178,7.593784,116,7.080078125,-714,-3.922119140625,1,1,1
730,5.410289558,7.498289,122,7.4462890625,-701,-3.8507080078125,1,1,1
731,5.417662847,7.297891,121,7.38525390625,-694,-3.812255859375,1,1,1
732,5.424979011,7.280898,124,7.568359375,-680,-3.7353515625,1,1,1
733,5.432316521,7.3089,124,7.568359375,-673,-3.6968994140625,0,1,1
734,5.439861341,7.479504,123,7.50732421875,-660,-3.62548828125,1,1,1
735,5.447328268,7.354055,123,7.50732421875,-653,-3.5870361328125,0,1,1
736,5.455465226,8.094555,122,7.4462890625,-640,-3.515625,1,1,1
737,5.462886454,7.375785,121,7.38525390625,-627,-3.4442138671875,1,1,1
738,5.47014479,7.189755,119,7.26318359375,-620,-3.40576171875,1,1,1
739,5.477420535,7.213149,117,7.14111328125,-614,-3.372802734375,1,1,1
740,5.484754813,7.277122,103,6.28662109375,-603,-3.3123779296875,1,1,1
741,5.492011869,7.19254,94,5.7373046875,-598,-3.284912109375,1,1,1
742,5.499465867,7.430924,73,4.45556640625,-589,-3.2354736328125,1,1,1
743,5.506807345,7.272257,63,3.84521484375,-586,-3.218994140625,1,1,1
744,5.514070962,7.207997,36,2.197265625,-582,-3.197021484375,1,1,1
745,5.521201193,7.073331,21,1.28173828125,-582,-3.197021484375,1,0,1
746,5.528305182,7.051858,-11,-0.67138671875,-583,-3.2025146484375,1,1,1
747,5.535827985,7.501073,-27,-1.64794921875,-585,-3.2135009765625,1,1,1
748,5.543101746,7.170522,-54,-3.2958984375,-591,-3.2464599609375,1,1,1
749,5.550388532,7.221885,-63,-3.84521484375,-595,-3.2684326171875,1,1,1
750,5.557503339,7.064019,-77,-4.69970703125,-604,-3.31787109375,1,1,1
751,5.56461328,7.058226,-88,-5.37109375,-609,-3.3453369140625,1,1,1
752,5.57192154,7.286402,-96,-5.859375,-615,-3.3782958984375,1,1,1
753,5.579228072,7.285379,-115,-7.01904296875,-628,-3.44970703125,1,1,1
754,5.586537771,7.272641,-124,-7.568359375,-635,-3.4881591796875,1,1,1
755,5.593821293,7.217181,-132,-8.056640625,-651,-3.5760498046875,1,1,1
756,5.600946436,7.073267,-132,-8.056640625,-658,-3.614501953125,0,1,1
757,5.608054714,7.052306,-142,-8.6669921875,-674,-3.702392578125,1,1,1
758,5.615216595,7.098837,-149,-9.09423828125,-683,-3.7518310546875,1,1,1
759,5.622512214,7.272321,-151,-9.21630859375,-700,-3.84521484375,1,1,1
760,5.630139984,7.558869,-154,-9.3994140625,-709,-3.8946533203125,1,1,1
761,5.637753738,7.500274,-154,-9.3994140625,-726,-3.988037109375,0,1,1
762,5.645140211,7.351015,-157,-9.58251953125,-735,-4.0374755859375,1,1,1
763,5.652448599,7.247904,-152,-9.27734375,-752,-4.130859375,1,1,1
764,5.659942183,7.429996,-149,-9.09423828125,-760,-4.1748046875,1,1,1
765,5.667334385,7.319205,-136,-8.30078125,-775,-4.2572021484375,1,1,1
766,5.674660054,7.298755,-125,-7.62939453125,-782,-4.295654296875,1,1,1
767,5.681919414,7.205276,-96,-5.859375,-793,-4.3560791015625,1,1,1
768,5.689203672,7.230302,-82,-5.0048828125,-798,-4.383544921875,1,1,1
769,5.696498811,7.241503,-63,-3.84521484375,-801,-4.4000244140625,1,1,1
770,5.703889189,7.363656,-24,-1.46484375,-804,-4.41650390625,1,1,1
771,5.711104162,7.164186,-7,-0.42724609375,-804,-4.41650390625,1,0,1
772,5.718465833,7.296963,33,2.01416015625,-801,-4.4000244140625,1,1,1
773,5.725733354,7.210525,55,3.35693359375,-798,-4.383544921875,1,1,1
774,5.732976393,7.125815,87,5.31005859375,-788,-4.32861328125,1,1,1
775,5.740207687,7.207708,99,6.04248046875,-782,-4.295654296875,1,1,1
776,5.747614514,7.336038,127,7.75146484375,-768,-4.21875,1,1,1
777,5.754860337,7.117622,138,8.4228515625,-760,-4.1748046875,1,1,1
778,5.761998697,7.0813,145,8.85009765625,-744,-4.0869140625,1,1,1
779,5.769183396,7.134071,147,8.97216796875,-735,-4.0374755859375,1,1,1
780,5.776830176,7.625338,151,9.21630859375,-718,-3.944091796875,1,1,1
781,5.784359507,7.471311,154,9.3994140625,-710,-3.900146484375,1,1,1
782,5.791791488,7.393354,151,9.21630859375,-692,-3.80126953125,1,1,1
783,5.798995516,7.129911,146,8.9111328125,-684,-3.75732421875,1,1,1
784,5.806189976,7.165818,141,8.60595703125,-676,-3.71337890625,1,1,1
785,5.813502108,7.28205,133,8.11767578125,-661,-3.6309814453125,1,1,1
786,5.820957098,7.425068,127,7.75146484375,-655,-3.5980224609375,1,1,1
787,5.828262317,7.211485,109,6.65283203125,-642,-3.526611328125,1,1,1
788,5.835578257,7.246143,96,5.859375,-637,-3.4991455078125,1,1,1
789,5.842958842,7.317028,69,4.21142578125,-629,-3.4552001953125,1,1,1
790,5.850191257,7.205885,55,3.35693359375,-626,-3.438720703125,1,1,1
791,5.857555616,7.334821,14,0.8544921875,-625,-3.4332275390625,1,1,1
792,5.864939497,7.347046,-10,-0.6103515625,-626,-3.438720703125,1,1,1
793,5.872228908,7.221726,-48,-2.9296875,-631,-3.4661865234375,1,1,1
794,5.879479435,7.185435,-67,-4.08935546875,-635,-3.4881591796875,1,1,1
795,5.886812209,7.276802,-97,-5.92041015625,-646,-3.548583984375,1,1,1
796,5.894050032,7.184955,-113,-6.89697265625,-653,-3.5870361328125,1,1,1
797,5.901510622,7.405771,-135,-8.23974609375,-668,-3.66943359375,1,1,1
798,5.908889383,7.338246,-136,-8.30078125,-676,-3.71337890625,1,1,1
799,5.916157576,7.207293,-145,-8.85009765625,-693,-3.8067626953125,1,1,1
800,5.923580243,7.298435,-148,-9.033203125,-701,-3.8507080078125,1,1,1
801,5.930912313,7.280642,-147,-8.97216796875,-710,-3.900146484375,1,1,1
802,5.93838564,7.421067,-134,-8.1787109375,-726,-3.988037109375,1,1,1
803,5.945677387,7.25424,-127,-7.75146484375,-733,-4.0264892578125,1,1,1
804,5.952948012,7.208221,-118,-7.2021484375,-747,-4.1033935546875,1,1,1
805,5.96026776,7.25392,-107,-6.53076171875,-753,-4.1363525390625,1,1,1
806,5.967587413,7.245855,-86,-5.2490234375,-763,-4.1912841796875,1,1,1
807,5.975014017,7.401002,-80,-4.8828125,-767,-4.2132568359375,1,1,1
808,5.982435597,7.36308,-59,-3.60107421875,-774,-4.251708984375,1,1,1
809,5.990203921,7.685886,-46,-2.8076171875,-777,-4.2681884765625,1,1,1
810,5.997776551,7.483088,-19,-1.15966796875,-779,-4.2791748046875,1,1,1
811,6.00512475,7.314948,-9,-0.54931640625,-780,-4.28466796875,1,1,1
812,6.012420689,7.266977,14,0.8544921875,-778,-4.273681640625,1,1,1
813,6.019914785,7.410474,29,1.77001953125,-777,-4.2681884765625,1,1,1
814,6.027306539,7.346726,47,2.86865234375,-772,-4.24072265625,1,1,1
815,6.034781755,7.38625,61,3.72314453125,-768,-4.21875,1,1,1
816,6.04233992,7.51285,75,4.57763671875,-760,-4.1748046875,1,1,1
817,6.049586319,7.198492,83,5.06591796875,-755,-4.1473388671875,1,1,1
818,6.056908212,7.25392,97,5.92041015625,-744,-4.0869140625,1,1,1
819,6.064174549,7.234719,104,6.34765625,-738,-4.053955078125,1,1,1
820,6.071264553,7.062514,118,7.2021484375,-725,-3.9825439453125,1,1,1
821,6.078475622,7.155321,124,7.568359375,-718,-3.944091796875,1,1,1
822,6.085884369,7.366984,133,8.11767578125,-703,-3.8616943359375,1,1,1
823,6.093215478,7.25088,136,8.30078125,-696,-3.8232421875,1,1,1
824,6.100465366,7.219294,148,9.033203125,-679,-3.7298583984375,1,1,1
825,6.107599821,7.107029,151,9.21630859375,-671,-3.6859130859375,1,1,1
826,6.114903729,7.146745,155,9.46044921875,-662,-3.636474609375,1,1,1
827,6.122247863,7.321829,158,9.6435546875,-645,-3.5430908203125,1,1,1
828,6.129591933,7.268129,164,10.009765625,-636,-3.49365234375,1,1,1
829,6.136896384,7.235326,175,10.68115234375,-617,-3.3892822265625,1,1,1
830,6.144124095,7.194556,175,10.68115234375,-608,-3.33984375,0,1,1
831,6.151235668,7.086292,158,9.6435546875,-590,-3.240966796875,1,1,1
832,6.158362251,7.098357,150,9.1552734375,-582,-3.197021484375,1,1,1
833,6.165675887,7.256416,131,7.99560546875,-568,-3.1201171875,1,1,1
834,6.173023702,7.31034,121,7.38525390625,-561,-3.0816650390625,1,1,1
835,6.180287414,7.200188,100,6.103515625,-550,-3.021240234375,1,1,1
836,6.187572313,7.22451,80,4.8828125,-546,-2.999267578125,1,1,1
837,6.194847034,7.248256,59,3.60107421875,-543,-2.9827880859375,1,1,1
838,6.202380333,7.472815,21,1.28173828125,-541,-2.9718017578125,1,1,1
839,6.2098367,7.326725,-3,-0.18310546875,-542,-2.977294921875,1,1,1
840,6.21741509,7.53938,-50,-3.0517578125,-547,-3.0047607421875,1,1,1
841,6.224794683,7.325413,-72,-4.39453125,-558,-3.065185546875,1,1,1
842,6.232199046,7.334246,-109,-6.65283203125,-564,-3.09814453125,1,1,1
843,6.239497833,7.269985,-132,-8.056640625,-572,-3.14208984375,1,1,1
844,6.247208937,7.631899,-169,-10.31494140625,-591,-3.2464599609375,1,1,1
845,6.254695353,7.439693,-185,-11.29150390625,-602,-3.306884765625,1,1,1
846,6.261970203,7.241791,-216,-13.18359375,-627,-3.4442138671875,1,1,1
847,6.269262781,7.261824,-219,-13.36669921875,-639,-3.5101318359375,1,1,1
848,6.276538271,7.251744,-220,-13.427734375,-665,-3.6529541015625,1,1,1
849,6.283991181,7.427309,-218,-13.3056640625,-677,-3.7188720703125,1,1,1
850,6.291361461,7.328966,-204,-12.451171875,-701,-3.8507080078125,1,1,1
851,6.298568817,7.175802,-195,-11.90185546875,-712,-3.9111328125,1,1,1
852,6.305873589,7.22835,-161,-9.82666015625,-731,-4.0155029296875,1,1,1
853,6.312987211,7.057586,-142,-8.6669921875,-739,-4.0594482421875,1,1,1
854,6.320168069,7.157017,-104,-6.34765625,-751,-4.1253662109375,1,1,1
855,6.327567248,7.343463,-79,-4.82177734375,-755,-4.1473388671875,1,1,1
856,6.334930871,7.284226,-28,-1.708984375,-760,-4.1748046875,1,1,1
857,6.342192696,7.199516,-3,-0.18310546875,-759,-4.1693115234375,1,1,1
858,6.349358225,7.14316,18,1.0986328125,-758,-4.163818359375,1,1,1
859,6.356616081,7.201692,63,3.84521484375,-751,-4.1253662109375,1,1,1
860,6.364432313,7.794534,83,5.06591796875,-746,-4.097900390625,1,1,1
861,6.37190212,7.410539,117,7.14111328125,-733,-4.0264892578125,1,1,1
862,6.379063521,7.12415,130,7.9345703125,-726,-3.988037109375,1,1,1
863,6.386356356,7.226078,145,8.85009765625,-709,-3.8946533203125,1,1,1
864,6.393569889,7.184283,151,9.21630859375,-701,-3.8507080078125,1,1,1
865,6.401054737,7.375048,157,9.58251953125,-683,-3.7518310546875,1,1,1
866,6.408389655,7.300163,157,9.58251953125,-674,-3.702392578125,0,1,1
867,6.415880008,7.403787,147,8.97216796875,-657,-3.6090087890625,1,1,1
868,6.423259376,7.33799,145,8.85009765625,-649,-3.5650634765625,1,1,1
869,6.430521777,7.231167,132,8.056640625,-634,-3.482666015625,1,1,1
870,6.437843925,7.295202,125,7.62939453125,-627,-3.4442138671875,1,1,1
871,6.445162458,7.258848,110,6.7138671875,-614,-3.372802734375,1,1,1
872,6.452660107,7.419084,100,6.103515625,-609,-3.3453369140625,1,1,1
873,6.459884329,7.191644,79,4.82177734375,-599,-3.2904052734375,1,1,1
874,6.466999487,7.092597,70,4.2724609375,-596,-3.27392578125,1,1,1
875,6.474114741,7.08834,40,2.44140625,-591,-3.2464599609375,1,1,1
876,6.481215082,7.080468,28,1.708984375,-590,-3.240966796875,1,1,1
877,6.488466698,7.23011,13,0.79345703125,-590,-3.240966796875,1,0,1
878,6.495745899,7.190395,-18,-1.0986328125,-591,-3.2464599609375,1,1,1
879,6.502992907,7.22211,-31,-1.89208984375,-594,-3.262939453125,1,1,1
880,6.510312911,7.297699,-57,-3.47900390625,-600,-3.2958984375,1,1,1
881,6.517588465,7.22147,-71,-4.33349609375,-604,-3.31787109375,1,1,1
882,6.524982811,7.338566,-91,-5.55419921875,-615,-3.3782958984375,1,1,1
883,6.532184503,7.136024,-100,-6.103515625,-621,-3.4112548828125,1,1,1
884,6.539496955,7.258912,-121,-7.38525390625,-634,-3.482666015625,1,1,1
885,6.546783357,7.261728,-131,-7.99560546875,-642,-3.526611328125,1,1,1
886,6.5539101,7.104053,-136,-8.30078125,-658,-3.614501953125,1,1,1
887,6.560984199,7.054321,-131,-7.99560546875,-665,-3.6529541015625,1,1,1
888,6.568315245,7.309188,-130,-7.9345703125,-673,-3.6968994140625,1,1,1
889,6.575625233,7.278754,-126,-7.6904296875,-688,-3.779296875,1,1,1
890,6.582904466,7.25456,-117,-7.14111328125,-694,-3.812255859375,1,1,1
891,6.590271194,7.274785,-97,-5.92041015625,-706,-3.878173828125,1,1,1
892,6.597475799,7.180475,-87,-5.31005859375,-711,-3.9056396484375,1,1,1
893,6.604729655,7.202621,-69,-4.21142578125,-719,-3.9495849609375,1,1,1
894,6.612479673,7.686622,-54,-3.2958984375,-722,-3.966064453125,1,1,1
895,6.62011314,7.581111,-19,-1.15966796875,-725,-3.9825439453125,1,1,1
896,6.627532992,7.376361,-3,-0.18310546875,-725,-3.9825439453125,1,0,1
897,6.634922505,7.296643,24,1.46484375,-723,-3.9715576171875,1,1,1
898,6.64226648,7.310052,45,2.74658203125,-720,-3.955078125,1,1,1
899,6.64973155,7.42638,77,4.69970703125,-712,-3.9111328125,1,1,1
900,6.657343096,7.559766,88,5.37109375,-707,-3.8836669921875,1,1,1
901,6.664912718,7.513843,108,6.591796875,-695,-3.8177490234375,1,1,1
902,6.672432736,7.464526,119,7.26318359375,-688,-3.779296875,1,1,1
903,6.680070363,7.553653,130,7.9345703125,-673,-3.6968994140625,1,1,1
904,6.687546411,7.354919,136,8.30078125,-666,-3.658447265625,1,1,1
905,6.694824621,7.241951,133,8.11767578125,-651,-3.5760498046875,1,1,1
906,6.702091213,7.193851,133,8.11767578125,-643,-3.5321044921875,0,1,1
907,6.709440948,7.31866,138,8.4228515625,-628,-3.44970703125,1,1,1
908,6.716825117,7.315588,140,8.544921875,-620,-3.40576171875,1,1,1
909,6.724146082,7.276802,138,8.4228515625,-605,-3.3233642578125,1,1,1
910,6.731462214,7.285698,132,8.056640625,-597,-3.2794189453125,1,1,1
911,6.738731591,7.242207,111,6.77490234375,-585,-3.2135009765625,1,1,1
912,6.745869983,7.112662,103,6.28662109375,-579,-3.1805419921875,1,1,1
913,6.753647588,7.748675,76,4.638671875,-571,-3.1365966796875,1,1,1
914,6.761013004,7.322469,59,3.60107421875,-568,-3.1201171875,1,1,1
915,6.768270796,7.224414,22,1.3427734375,-565,-3.1036376953125,1,1,1
916,6.77544391,7.145752,4,0.244140625,-565,-3.1036376953125,1,0,1
917,6.782681413,7.152089,-15,-0.91552734375,-566,-3.109130859375,1,1,1
918,6.790560849,7.852586,-48,-2.9296875,-572,-3.14208984375,1,1,1
919,6.7981394,7.534068,-84,-5.126953125,-581,-3.1915283203125,1,1,1
920,6.805432458,7.213789,-104,-6.34765625,-587,-3.2244873046875,1,1,1
921,6.812532767,7.070835,-116,-7.080078125,-594,-3.262939453125,1,1,1
922,6.819736284,7.179387,-138,-8.4228515625,-610,-3.350830078125,1,1,1
923,6.827120485,7.357511,-141,-8.60595703125,-618,-3.394775390625,1,1,1
924,6.834453578,7.302883,-149,-9.09423828125,-635,-3.4881591796875,1,1,1
925,6.841780047,7.288066,-141,-8.60595703125,-644,-3.53759765625,1,1,1
926,6.849066226,7.259009,-129,-7.87353515625,-659,-3.6199951171875,1,1,1
927,6.856477405,7.385034,-119,-7.26318359375,-666,-3.658447265625,1,1,1
928,6.863654295,7.141912,-106,-6.4697265625,-678,-3.724365234375,1,1,1
929,6.870919416,7.159802,-99,-6.04248046875,-684,-3.75732421875,1,1,1
930,6.878369125,7.335301,-78,-4.7607421875,-693,-3.8067626953125,1,1,1
931,6.885710316,7.267841,-70,-4.2724609375,-697,-3.8287353515625,1,1,1
932,6.892990381,7.218493,-56,-3.41796875,-703,-3.8616943359375,1,1,1
933,6.900159591,7.115926,-49,-2.99072265625,-706,-3.878173828125,1,1,1
934,6.907389797,7.161017,-39,-2.38037109375,-708,-3.88916015625,1,1,1
935,6.91598314,8.542171,-24,-1.46484375,-711,-3.9056396484375,1,1,1
936,6.923873937,7.840426,-11,-0.67138671875,-712,-3.9111328125,1,1,1
937,6.93135168,7.415723,-5,-0.30517578125,-712,-3.9111328125,1,0,1
938,6.938758635,7.360839,5,0.30517578125,-711,-3.9056396484375,1,1,1
939,6.94604747,7.219326,16,0.9765625,-710,-3.900146484375,1,1,1
940,6.953548543,7.427948,26,1.5869140625,-708,-3.88916015625,1,1,1
941,6.961039056,7.441102,32,1.953125,-706,-3.878173828125,1,1,1
942,6.968393046,7.313956,46,2.8076171875,-701,-3.8507080078125,1,1,1
943,6.975850661,7.330726,52,3.173828125,-698,-3.834228515625,1,1,1
944,6.983153064,7.271649,66,4.0283203125,-690,-3.790283203125,1,1,1
945,6.990711582,7.531508,70,4.2724609375,-686,-3.768310546875,1,1,1
946,6.998331959,7.583287,77,4.69970703125,-678,-3.724365234375,1,1,1
947,7.005747139,7.373097,80,4.8828125,-673,-3.6968994140625,1,1,1
948,7.013022372,7.247647,93,5.67626953125,-663,-3.6419677734375,1,1,1
949,7.020345609,7.265217,93,5.67626953125,-658,-3.614501953125,0,1,1
950,7.02762081,7.217469,95,5.79833984375,-647,-3.5540771484375,1,1,1
951,7.035100762,7.324709,98,5.9814453125,-641,-3.5211181640625,1,1,1
952,7.042384348,7.239263,108,6.591796875,-630,-3.460693359375,1,1,1
953,7.04966755,7.226494,113,6.89697265625,-623,-3.4222412109375,1,1,1
954,7.056966817,7.242655,119,7.26318359375,-617,-3.3892822265625,1,1,1
955,7.064291334,7.266017,116,7.080078125,-604,-3.31787109375,1,1,1
956,7.072031976,7.628602,106,6.4697265625,-598,-3.284912109375,1,1,1
957,7.079908276,7.699711,81,4.94384765625,-589,-3.2354736328125,1,1,1
958,7.087209976,7.262881,54,3.2958984375,-583,-3.2025146484375,1,1,1
959,7.094497466,7.229534,40,2.44140625,-581,-3.1915283203125,1,1,1
960,7.101745305,7.192507,12,0.732421875,-579,-3.1805419921875,1,1,1
961,7.109189735,7.387242,-7,-0.42724609375,-580,-3.18603515625,1,1,1
962,7.117043921,7.768676,-53,-3.23486328125,-585,-3.2135009765625,1,1,1
963,7.124370646,7.252064,-73,-4.45556640625,-590,-3.240966796875,1,1,1
964,7.131605653,7.208733,-109,-6.65283203125,-602,-3.306884765625,1,1,1
965,7.138933178,7.1951,-121,-7.38525390625,-609,-3.3453369140625,1,1,1
966,7.146100147,7.144792,-133,-8.11767578125,-617,-3.3892822265625,1,1,1
967,7.153465115,7.340934,-166,-10.1318359375,-636,-3.49365234375,1,1,1
968,7.161092533,7.578262,-175,-10.68115234375,-646,-3.548583984375,1,1,1
969,7.168605224,7.467855,-172,-10.498046875,-666,-3.658447265625,1,1,1
970,7.175900682,7.26,-165,-10.07080078125,-675,-3.7078857421875,1,1,1
971,7.183116136,7.182363,-157,-9.58251953125,-693,-3.8067626953125,1,1,1
972,7.190668093,7.487313,-148,-9.033203125,-702,-3.856201171875,1,1,1
973,7.198244051,7.536244,-122,-7.4462890625,-716,-3.93310546875,1,1,1
974,7.20573882,7.448653,-111,-6.77490234375,-722,-3.966064453125,1,1,1
975,7.213219828,7.384553,-82,-5.0048828125,-732,-4.02099609375,1,1,1
976,7.220602397,7.311588,-69,-4.21142578125,-736,-4.04296875,1,1,1
977,7.227922338,7.257728,-36,-2.197265625,-740,-4.06494140625,1,1,1
978,7.235382288,7.394634,-20,-1.220703125,-741,-4.0704345703125,1,1,1
979,7.242971304,7.509266,9,0.54931640625,-741,-4.0704345703125,1,0,1
980,7.25052006,7.467951,25,1.52587890625,-739,-4.0594482421875,1,1,1
981,7.258065009,7.451694,53,3.23486328125,-733,-4.0264892578125,1,1,1
982,7.265490813,7.296035,68,4.150390625,-729,-4.0045166015625,1,1,1
983,7.272758558,7.19238,89,5.43212890625,-720,-3.955078125,1,1,1
984,7.280061857,7.244031,99,6.04248046875,-714,-3.922119140625,1,1,1
985,7.28727667,7.14172,114,6.9580078125,-701,-3.8507080078125,1,1,1
986,7.294854421,7.516722,123,7.50732421875,-694,-3.812255859375,1,1,1
987,7.302464462,7.499793,126,7.6904296875,-680,-3.7353515625,1,1,1
988,7.309668267,7.122999,128,7.8125,-672,-3.69140625,1,1,1
989,7.316809346,7.112661,125,7.62939453125,-658,-3.614501953125,1,1,1
990,7.324229998,7.358919,125,7.62939453125,-651,-3.5760498046875,0,1,1
991,7.331383207,7.11567,127,7.75146484375,-637,-3.4991455078125,1,1,1
992,7.338889593,7.47928,132,8.056640625,-630,-3.460693359375,1,1,1
993,7.346405835,7.432876,134,8.1787109375,-615,-3.3782958984375,1,1,1
994,7.353655531,7.185819,135,8.23974609375,-607,-3.3343505859375,1,1,1
995,7.360939117,7.212957,120,7.32421875,-594,-3.262939453125,1,1,1
996,7.36824584,7.244895,114,6.9580078125,-588,-3.22998046875,1,1,1
997,7.375409066,7.13724,105,6.40869140625,-582,-3.197021484375,1,1,1
998,7.382753328,7.28317,82,5.0048828125,-573,-3.1475830078125,1,1,1
999,7.390134809,7.325317,70,4.2724609375,-569,-3.1256103515625,1,1,1
1000,7.397440285,7.273346,45,2.74658203125,-564,-3.09814453125,1,1,1
1001,7.404580373,7.114679,28,1.708984375,-563,-3.0926513671875,1,1,1
1002,7.411772368,7.168698,-7,-0.42724609375,-564,-3.09814453125,1,1,1
1003,7.419169658,7.370984,-30,-1.8310546875,-566,-3.109130859375,1,1,1
1004,7.426458525,7.212157,-65,-3.96728515625,-573,-3.1475830078125,1,1,1
1005,7.433798787,7.280706,-86,-5.2490234375,-578,-3.175048828125,1,1,1
1006,7.441008223,7.183515,-121,-7.38525390625,-592,-3.251953125,1,1,1
1007,7.4481646,7.102005,-140,-8.544921875,-600,-3.2958984375,1,1,1
1008,7.455841366,7.569078,-154,-9.3994140625,-609,-3.3453369140625,1,1,1
1009,7.463222783,7.348231,-193,-11.77978515625,-630,-3.460693359375,1,1,1
1010,7.470553348,7.251711,-207,-12.63427734375,-654,-3.592529296875,1,1,1
1011,7.477668474,7.084468,-209,-12.75634765625,-666,-3.658447265625,1,1,1
1012,7.484822291,7.09202,-206,-12.5732421875,-678,-3.724365234375,1,1,1
1013,7.492125303,7.240095,-198,-12.0849609375,-700,-3.84521484375,1,1,1
1014,7.499387991,7.237214,-191,-11.65771484375,-711,-3.9056396484375,1,1,1
1015,7.506788866,7.323685,-171,-10.43701171875,-731,-4.0155029296875,1,1,1
1016,7.514223182,7.393546,-157,-9.58251953125,-740,-4.06494140625,1,1,1
1017,7.521675772,7.348518,-129,-7.87353515625,-755,-4.1473388671875,1,1,1
1018,7.528938749,7.228574,-114,-6.9580078125,-761,-4.1802978515625,1,1,1
1019,7.536100342,7.132887,-78,-4.7607421875,-770,-4.229736328125,1,1,1
1020,7.543508929,7.375464,-60,-3.662109375,-773,-4.2462158203125,1,1,1
1021,7.550850983,7.239711,-23,-1.40380859375,-776,-4.2626953125,1,1,1
1022,7.558189101,7.308068,-6,-0.3662109375,-776,-4.2626953125,1,0,1
1023,7.566028982,7.811271,29,1.77001953125,-773,-4.2462158203125,1,1,1
1024,7.573515783,7.391978,45,2.74658203125,-770,-4.229736328125,1,1,1
1025,7.580898224,7.301219,76,4.638671875,-762,-4.185791015625,1,1,1
1026,7.5882053,7.203453,93,5.67626953125,-756,-4.15283203125,1,1,1
1027,7.595506295,7.268545,123,7.50732421875,-743,-4.0814208984375,1,1,1
1028,7.602610156,7.075827,135,8.23974609375,-735,-4.0374755859375,1,1,1
1029,7.609715458,7.07618,148,9.033203125,-726,-3.988037109375,1,1,1
1030,7.616848633,7.103221,167,10.19287109375,-708,-3.88916015625,1,1,1
1031,7.624107993,7.23603,175,10.68115234375,-698,-3.834228515625,1,1,1
1032,7.63151514,7.332581,185,11.29150390625,-677,-3.7188720703125,1,1,1
1033,7.638914286,7.36692,184,11.23046875,-667,-3.6639404296875,1,1,1
1034,7.646439681,7.381193,191,11.65771484375,-645,-3.5430908203125,1,1,1
1035,7.653692225,7.217149,195,11.90185546875,-634,-3.482666015625,1,1,1
1036,7.661141679,7.373448,202,12.3291015625,-612,-3.36181640625,1,1,1
1037,7.668452755,7.214749,202,12.3291015625,-601,-3.3013916015625,0,1,1
1038,7.675620909,7.137976,198,12.0849609375,-579,-3.1805419921875,1,1,1
1039,7.682930129,7.158522,191,11.65771484375,-568,-3.1201171875,1,1,1
1040,7.690150926,7.194331,171,10.43701171875,-549,-3.0157470703125,1,1,1
1041,7.697306887,7.099349,160,9.765625,-541,-2.9718017578125,1,1,1
1042,7.704736308,7.367016,147,8.97216796875,-533,-2.9278564453125,1,1,1
1043,7.712116797,7.304452,96,5.859375,-522,-2.867431640625,1,1,1
1044,7.719419936,7.233215,62,3.7841796875,-519,-2.8509521484375,1,1,1
1045,7.72667472,7.228286,0,0.0,-518,-2.845458984375,1,1,1
1046,7.7339873,7.257088,-35,-2.13623046875,-521,-2.8619384765625,1,1,1
1047,7.741434034,7.369577,-92,-5.615234375,-531,-2.9168701171875,1,1,1
1048,7.748721876,7.207389,-123,-7.50732421875,-539,-2.9608154296875,1,1,1
1049,7.755988725,7.236863,-170,-10.3759765625,-558,-3.065185546875,1,1,1
1050,7.763241717,7.198044,-186,-11.3525390625,-569,-3.1256103515625,1,1,1
1051,7.770901681,7.591832,-205,-12.51220703125,-592,-3.251953125,1,1,1
1052,7.778836417,7.88302,-220,-13.427734375,-605,-3.3233642578125,1,1,1
1053,7.786429081,7.538292,-237,-14.46533203125,-632,-3.4716796875,1,1,1
1054,7.794129081,7.64374,-230,-14.0380859375,-646,-3.548583984375,1,1,1
1055,7.80154586,7.357255,-205,-12.51220703125,-670,-3.680419921875,1,1,1
1056,7.808793859,7.208028,-191,-11.65771484375,-681,-3.7408447265625,1,1,1
1057,7.816713394,7.888236,-171,-10.43701171875,-701,-3.8507080078125,1,1,1
1058,7.825511711,8.583709,-143,-8.72802734375,-717,-3.9385986328125,1,1,1
1059,7.832994191,7.429548,-129,-7.87353515625,-725,-3.9825439453125,1,1,1
1060,7.840860091,7.726786,-101,-6.16455078125,-736,-4.04296875,1,1,1
1061,7.849013882,7.941008,-91,-5.55419921875,-741,-4.0704345703125,1,1,1
1062,7.856376514,7.313605,-63,-3.84521484375,-748,-4.10888671875,1,1,1
1063,7.863808174,7.359815,-49,-2.99072265625,-751,-4.1253662109375,1,1,1
1064,7.871314048,7.452206,-24,-1.46484375,-753,-4.1363525390625,1,1,1
1065,7.878555359,7.199068,-9,-0.54931640625,-753,-4.1363525390625,1,0,1
1066,7.886012333,7.420876,18,1.0986328125,-751,-4.1253662109375,1,1,1
1067,7.89331,7.206364,30,1.8310546875,-750,-4.119873046875,1,1,1
1068,7.900599795,7.25584,55,3.35693359375,-744,-4.0869140625,1,1,1
1069,7.907930616,7.301699,65,3.96728515625,-740,-4.06494140625,1,1,1
1070,7.915197049,7.203453,89,5.43212890625,-730,-4.010009765625,1,1,1
1071,7.922490876,7.232447,101,6.16455078125,-724,-3.97705078125,1,1,1
1072,7.929915112,7.391402,120,7.32421875,-711,-3.9056396484375,1,1,1
1073,7.937248173,7.192508,130,7.9345703125,-703,-3.8616943359375,1,1,1
1074,7.944513678,7.236255,148,9.033203125,-687,-3.7738037109375,1,1,1
1075,7.951835635,7.252832,154,9.3994140625,-678,-3.724365234375,1,1,1
1076,7.959115988,7.220061,161,9.82666015625,-660,-3.62548828125,1,1,1
1077,7.966394614,7.25088,164,10.009765625,-650,-3.570556640625,1,1,1
1078,7.973757054,7.287171,169,10.31494140625,-641,-3.5211181640625,1,1,1
1079,7.980986236,7.198972,182,11.1083984375,-621,-3.4112548828125,1,1,1
1080,7.988112275,7.05621,187,11.41357421875,-610,-3.350830078125,1,1,1
1081,7.995260779,7.124118,185,11.29150390625,-590,-3.240966796875,1,1,1
1082,8.002694904,7.374889,179,10.92529296875,-580,-3.18603515625,1,1,1
1083,8.010111811,7.373448,165,10.07080078125,-562,-3.087158203125,1,1,1
1084,8.017374564,7.189371,150,9.1552734375,-553,-3.0377197265625,1,1,1
1085,8.024616419,7.213149,133,8.11767578125,-539,-2.9608154296875,1,1,1
1086,8.031951785,7.196732,120,7.32421875,-532,-2.92236328125,1,1,1
1087,8.039027516,7.05285,85,5.18798828125,-523,-2.8729248046875,1,1,1
1088,8.046324959,7.269185,66,4.0283203125,-519,-2.8509521484375,1,1,1
1089,8.053704744,7.339302,20,1.220703125,-517,-2.8399658203125,1,1,1
1090,8.060970153,7.206461,-6,-0.3662109375,-518,-2.845458984375,1,1,1
1091,8.068250122,7.226109,-27,-1.64794921875,-520,-2.8564453125,1,1,1
1092,8.075408932,7.131416,-74,-4.5166015625,-528,-2.900390625,1,1,1
1093,8.082723208,7.258944,-95,-5.79833984375,-534,-2.933349609375,1,1,1
1094,8.090724893,7.96101,-133,-8.11767578125,-549,-3.0157470703125,1,1,1
1095,8.098354807,7.572694,-144,-8.7890625,-557,-3.0596923828125,1,1,1
1096,8.105799589,7.352327,-163,-9.94873046875,-576,-3.1640625,1,1,1
1097,8.113105128,7.266177,-173,-10.55908203125,-587,-3.2244873046875,1,1,1
1098,8.120401835,7.231198,-191,-11.65771484375,-608,-3.33984375,1,1,1
1099,8.127990307,7.458127,-196,-11.962890625,-620,-3.40576171875,1,1,1
1100,8.135284389,7.212637,-197,-12.02392578125,-642,-3.526611328125,1,1,1
1101,8.142395035,7.081204,-190,-11.5966796875,-653,-3.5870361328125,1,1,1
1102,8.149826472,7.37076,-172,-10.498046875,-673,-3.6968994140625,1,1,1
1103,8.157005538,7.150744,-171,-10.43701171875,-683,-3.7518310546875,1,1,1
1104,8.164599098,7.528243,-161,-9.82666015625,-701,-3.8507080078125,1,1,1
1105,8.171985508,7.33735,-151,-9.21630859375,-709,-3.8946533203125,1,1,1
1106,8.179393934,7.345926,-135,-8.23974609375,-725,-3.9825439453125,1,1,1
1107,8.186729588,7.274497,-125,-7.62939453125,-731,-4.0155029296875,1,1,1
1108,8.194013238,7.225886,-107,-6.53076171875,-743,-4.0814208984375,1,1,1
1109,8.201365437,7.268321,-93,-5.67626953125,-748,-4.10888671875,1,1,1
1110,8.208761223,7.366632,-68,-4.150390625,-756,-4.15283203125,1,1,1
1111,8.216069611,7.211293,-58,-3.5400390625,-759,-4.1693115234375,1,1,1
1112,8.223347724,7.191739,-27,-1.64794921875,-762,-4.185791015625,1,1,1
1113,8.230461698,7.087444,-12,-0.732421875,-763,-4.1912841796875,1,1,1
1114,8.237670047,7.14668,4,0.244140625,-762,-4.185791015625,1,1,1
1115,8.245099948,7.405227,34,2.0751953125,-759,-4.1693115234375,1,1,1
1116,8.252410832,7.268673,49,2.99072265625,-756,-4.15283203125,1,1,1
1117,8.259623533,7.184828,84,5.126953125,-747,-4.1033935546875,1,1,1
1118,8.266984852,7.337606,94,5.7373046875,-741,-4.0704345703125,1,1,1
1119,8.274068968,7.061906,118,7.2021484375,-728,-3.9990234375,1,1,1
1120,8.282961756,8.867762,131,7.99560546875,-720,-3.955078125,1,1,1
1121,8.290638009,7.190427,153,9.33837890625,-703,-3.8616943359375,1,1,1
1122,8.297818228,7.147544,167,10.19287109375,-685,-3.7628173828125,1,1,1
1123,8.304982126,7.137848,172,10.498046875,-675,-3.7078857421875,1,1,1
1124,8.312119557,7.11487,174,10.6201171875,-665,-3.6529541015625,1,1,1
1125,8.320080055,7.892173,175,10.68115234375,-645,-3.5430908203125,1,1,1
1126,8.327522821,7.402507,184,11.23046875,-635,-3.4881591796875,1,1,1
1127,8.334840361,7.274465,191,11.65771484375,-614,-3.372802734375,1,1,1
1128,8.341947903,7.078228,194,11.8408203125,-603,-3.3123779296875,1,1,1
1129,8.349048308,7.07522,188,11.474609375,-582,-3.197021484375,1,1,1
1130,8.356243183,7.171834,182,11.1083984375,-572,-3.14208984375,1,1,1
1131,8.364220482,7.950481,164,10.009765625,-554,-3.043212890625,1,1,1
1132,8.371757942,7.478639,148,9.033203125,-546,-2.999267578125,1,1,1
1133,8.379048153,7.1935,126,7.6904296875,-532,-2.92236328125,1,1,1
1134,8.386354845,7.268833,107,6.53076171875,-526,-2.889404296875,1,1,1
1135,8.393592155,7.20614,60,3.662109375,-519,-2.8509521484375,1,1,1
1136,8.400957283,7.340838,32,1.953125,-518,-2.845458984375,1,1,1
1137,8.408320843,7.33767,-23,-1.40380859375,-520,-2.8564453125,1,1,1
1138,8.416100944,7.624378,-48,-2.9296875,-523,-2.8729248046875,1,1,1
1139,8.423342543,7.186555,-103,-6.28662109375,-535,-2.9388427734375,1,1,1
1140,8.430694326,7.276002,-133,-8.11767578125,-543,-2.9827880859375,1,1,1
1141,8.438153028,7.362023,-180,-10.986328125,-563,-3.0926513671875,1,1,1
1142,8.445519436,7.327493,-198,-12.0849609375,-574,-3.153076171875,1,1,1
1143,8.453326483,7.725185,-235,-14.34326171875,-601,-3.3013916015625,1,1,1
1144,8.460981103,7.609209,-249,-15.19775390625,-615,-3.3782958984375,1,1,1
1145,8.468715665,7.688126,-270,-16.4794921875,-647,-3.5540771484375,1,1,1
1146,8.476084217,7.31002,-260,-15.869140625,-661,-3.6309814453125,1,1,1
1147,8.483556745,7.435533,-239,-14.58740234375,-689,-3.7847900390625,1,1,1
1148,8.490942194,7.304836,-230,-14.0380859375,-702,-3.856201171875,1,1,1
1149,8.498187377,7.203676,-205,-12.51220703125,-726,-3.988037109375,1,1,1
1150,8.507274515,8.885716,-181,-11.04736328125,-736,-4.04296875,1,1,1
1151,8.51554713,7.553589,-139,-8.48388671875,-753,-4.1363525390625,1,1,1
1152,8.5228872,7.305795,-97,-5.92041015625,-764,-4.19677734375,1,1,1
1153,8.530013207,7.099381,-77,-4.69970703125,-768,-4.21875,1,1,1
1154,8.537231285,7.152921,-27,-1.64794921875,-772,-4.24072265625,1,1,1
1155,8.544481333,7.22403,-7,-0.42724609375,-772,-4.24072265625,1,0,1
1156,8.551912897,7.387369,15,0.91552734375,-770,-4.229736328125,1,1,1
1157,8.559247943,7.299715,52,3.173828125,-765,-4.2022705078125,1,1,1
1158,8.566480613,7.204796,69,4.21142578125,-760,-4.1748046875,1,1,1
1159,8.573896049,7.338278,99,6.04248046875,-749,-4.1143798828125,1,1,1
1160,8.581080332,7.153177,112,6.8359375,-743,-4.0814208984375,1,1,1
1161,8.588309386,7.162522,137,8.36181640625,-727,-3.9935302734375,1,1,1
1162,8.595610253,7.267585,147,8.97216796875,-719,-3.9495849609375,1,1,1
1163,8.602872494,7.227998,162,9.8876953125,-701,-3.8507080078125,1,1,1
1164,8.610167889,7.21459,169,10.31494140625,-691,-3.7957763671875,1,1,1
1165,8.617293991,7.102965,180,10.986328125,-671,-3.6859130859375,1,1,1
1166,8.624529606,7.211165,184,11.23046875,-660,-3.62548828125,1,1,1
1167,8.632111229,7.512978,185,11.29150390625,-639,-3.5101318359375,1,1,1
1168,8.63943933,7.247615,191,11.65771484375,-628,-3.44970703125,1,1,1
1169,8.646665505,7.197821,203,12.39013671875,-606,-3.328857421875,1,1,1
1170,8.653993094,7.263265,200,12.20703125,-595,-3.2684326171875,1,1,1
1171,8.661237093,7.216093,195,11.90185546875,-584,-3.2080078125,1,1,1
1172,8.668550025,7.255616,183,11.16943359375,-563,-3.0926513671875,1,1,1
1173,8.676191012,7.57359,179,10.92529296875,-554,-3.043212890625,1,1,1
1174,8.683625169,7.377609,164,10.009765625,-536,-2.9443359375,1,1,1
1175,8.691017371,7.236639,153,9.33837890625,-528,-2.900390625,1,1,1
1176,8.698242745,7.149753,127,7.75146484375,-513,-2.8179931640625,1,1,1
1177,8.70585093,7.519603,107,6.53076171875,-508,-2.79052734375,1,1,1
1178,8.713449578,7.424204,68,4.150390625,-500,-2.74658203125,1,1,1
1179,8.72087727,7.34839,43,2.62451171875,-498,-2.735595703125,1,1,1
1180,8.728155288,7.247392,-3,-0.18310546875,-499,-2.7410888671875,1,1,1
1181,8.735414904,7.191803,-28,-1.708984375,-501,-2.7520751953125,1,1,1
1182,8.742767999,7.288098,-83,-5.06591796875,-510,-2.801513671875,1,1,1
1183,8.750101861,7.301219,-104,-6.34765625,-516,-2.83447265625,1,1,1
1184,8.757296449,7.119223,-152,-9.27734375,-533,-2.9278564453125,1,1,1
1185,8.764399862,7.059218,-174,-10.6201171875,-543,-2.9827880859375,1,1,1
1186,8.771549455,7.082484,-213,-13.00048828125,-567,-3.1146240234375,1,1,1
1187,8.778732234,7.158202,-224,-13.671875,-580,-3.18603515625,1,1,1
1188,8.786111186,7.315844,-250,-15.2587890625,-609,-3.3453369140625,1,1,1
1189,8.793397269,7.258273,-258,-15.7470703125,-624,-3.427734375,1,1,1
1190,8.800815712,7.28189,-256,-15.625,-638,-3.504638671875,1,1,1
1191,8.808055423,7.211613,-235,-14.34326171875,-666,-3.658447265625,1,1,1
1192,8.815205688,7.096309,-222,-13.5498046875,-678,-3.724365234375,1,1,1
1193,8.822301965,7.042577,-202,-12.3291015625,-702,-3.856201171875,1,1,1
1194,8.8295467,7.223102,-191,-11.65771484375,-712,-3.9111328125,1,1,1
1195,8.836743432,7.126711,-156,-9.521484375,-730,-4.010009765625,1,1,1
1196,8.844021098,7.249568,-138,-8.4228515625,-738,-4.053955078125,1,1,1
1197,8.851204837,7.150041,-108,-6.591796875,-750,-4.119873046875,1,1,1
1198,8.858341436,7.11167,-90,-5.4931640625,-755,-4.1473388671875,1,1,1
1199,8.865540248,7.167642,-72,-4.39453125,-758,-4.163818359375,1,1,1
1200,8.872939779,7.336454,-32,-1.953125,-762,-4.185791015625,1,1,1
1201,8.880200931,7.178651,-11,-0.67138671875,-762,-4.185791015625,1,0,1
1202,8.887346715,7.116502,24,1.46484375,-760,-4.1748046875,1,1,1
1203,8.894611836,7.133655,41,2.50244140625,-757,-4.1583251953125,1,1,1
1204,8.901780022,7.112054,72,4.39453125,-749,-4.1143798828125,1,1,1
1205,8.909192161,7.352455,87,5.31005859375,-744,-4.0869140625,1,1,1
1206,8.916537128,7.312324,113,6.89697265625,-732,-4.02099609375,1,1,1
1207,8.923907728,7.295555,126,7.6904296875,-724,-3.97705078125,1,1,1
1208,8.931123053,7.186331,145,8.85009765625,-708,-3.88916015625,1,1,1
1209,8.938267365,7.089908,150,9.1552734375,-699,-3.8397216796875,1,1,1
1210,8.945418654,7.095637,162,9.8876953125,-681,-3.7408447265625,1,1,1
1211,8.952659933,7.215965,167,10.19287109375,-671,-3.6859130859375,1,1,1
1212,8.959989346,7.252703,166,10.1318359375,-662,-3.636474609375,1,1,1
1213,8.967442416,7.425132,163,9.94873046875,-643,-3.5321044921875,1,1,1
1214,8.975124783,7.636315,164,10.009765625,-634,-3.482666015625,1,1,1
1215,8.982803117,7.636507,171,10.43701171875,-615,-3.3782958984375,1,1,1
1216,8.990908777,8.027927,170,10.3759765625,-606,-3.328857421875,1,1,1
1217,8.998785173,7.81972,163,9.94873046875,-587,-3.2244873046875,1,1,1
1218,9.006393646,7.49877,148,9.033203125,-571,-3.1365966796875,1,1,1
1219,9.013944226,7.455374,143,8.72802734375,-563,-3.0926513671875,1,1,1
1220,9.021367854,7.341254,123,7.50732421875,-549,-3.0157470703125,1,1,1
1221,9.028844382,7.442285,113,6.89697265625,-543,-2.9827880859375,1,1,1
1222,9.036451095,7.556725,78,4.7607421875,-534,-2.933349609375,1,1,1
1223,9.044080625,7.51157,54,3.2958984375,-531,-2.9168701171875,1,1,1
1224,9.051766832,7.572023,3,0.18310546875,-531,-2.9168701171875,1,0,1
1225,9.059294659,7.464239,-22,-1.3427734375,-532,-2.92236328125,1,1,1
1226,9.066613288,7.220894,-77,-4.69970703125,-541,-2.9718017578125,1,1,1
1227,9.073897034,7.216253,-100,-6.103515625,-547,-3.0047607421875,1,1,1
1228,9.081179276,7.216542,-150,-9.1552734375,-563,-3.0926513671875,1,1,1
1229,9.088477839,7.17417,-170,-10.3759765625,-573,-3.1475830078125,1,1,1
1230,9.096045925,7.512018,-199,-12.14599609375,-596,-3.27392578125,1,1,1
1231,9.103470769,7.338694,-207,-12.63427734375,-608,-3.33984375,1,1,1
1232,9.110710512,7.176922,-227,-13.85498046875,-634,-3.482666015625,1,1,1
1233,9.117831271,7.062611,-232,-14.16015625,-647,-3.5540771484375,1,1,1
1234,9.125051076,7.164409,-215,-13.12255859375,-672,-3.69140625,1,1,1
1235,9.132373897,7.252928,-206,-12.5732421875,-684,-3.75732421875,1,1,1
1236,9.139968545,7.558869,-195,-11.90185546875,-695,-3.8177490234375,1,1,1
1237,9.147215841,7.165306,-186,-11.3525390625,-716,-3.93310546875,1,1,1
1238,9.15457172,7.294243,-171,-10.43701171875,-726,-3.988037109375,1,1,1
1239,9.161789765,7.191739,-148,-9.033203125,-743,-4.0814208984375,1,1,1
1240,9.168922589,7.076212,-135,-8.23974609375,-750,-4.119873046875,1,1,1
1241,9.176277924,7.328038,-113,-6.89697265625,-763,-4.1912841796875,1,1,1
1242,9.183778261,7.346726,-99,-6.04248046875,-768,-4.21875,1,1,1
1243,9.191019188,7.196348,-69,-4.21142578125,-776,-4.2626953125,1,1,1
1244,9.198308407,7.231167,-53,-3.23486328125,-778,-4.273681640625,1,1,1
1245,9.205401803,7.069779,-20,-1.220703125,-781,-4.2901611328125,1,1,1
1246,9.212990883,7.532404,-5,-0.30517578125,-781,-4.2901611328125,1,0,1
1247,9.220585595,7.471407,25,1.52587890625,-778,-4.273681640625,1,1,1
1248,9.227812569,7.192412,41,2.50244140625,-775,-4.2572021484375,1,1,1
1249,9.235111516,7.240223,70,4.2724609375,-768,-4.21875,1,1,1
1250,9.242300824,7.164346,87,5.31005859375,-763,-4.1912841796875,1,1,1
1251,9.249701762,7.344935,110,6.7138671875,-750,-4.119873046875,1,1,1
1252,9.2576044,7.814728,121,7.38525390625,-743,-4.0814208984375,1,1,1
1253,9.26534053,7.647996,146,8.9111328125,-727,-3.9935302734375,1,1,1
1254,9.272859332,7.414027,157,9.58251953125,-718,-3.944091796875,1,1,1
1255,9.280316403,7.351143,171,10.43701171875,-699,-3.8397216796875,1,1,1
1256,9.287576179,7.194396,179,10.92529296875,-688,-3.779296875,1,1,1
1257,9.295449503,7.843434,187,11.41357421875,-667,-3.6639404296875,1,1,1
1258,9.303024693,7.529171,188,11.474609375,-657,-3.6090087890625,1,1,1
1259,9.310396638,7.335366,197,12.02392578125,-635,-3.4881591796875,1,1,1
1260,9.317721571,7.295779,202,12.3291015625,-624,-3.427734375,1,1,1
1261,9.324988931,7.194907,211,12.87841796875,-601,-3.3013916015625,1,1,1
1262,9.332502742,7.484016,202,12.3291015625,-589,-3.2354736328125,1,1,1
1263,9.340023273,7.470992,187,11.41357421875,-569,-3.1256103515625,1,1,1
1264,9.347345293,7.234142,175,10.68115234375,-559,-3.0706787109375,1,1,1
1265,9.354646993,7.274114,150,9.1552734375,-542,-2.977294921875,1,1,1
1266,9.361913746,7.206589,138,8.4228515625,-535,-2.9388427734375,1,1,1
1267,9.369107853,7.167866,92,5.615234375,-524,-2.87841796875,1,1,1
1268,9.376516056,7.26064,68,4.150390625,-521,-2.8619384765625,1,1,1
1269,9.383810907,7.25824,38,2.3193359375,-519,-2.8509521484375,1,1,1
1270,9.390955955,7.11951,-23,-1.40380859375,-521,-2.8619384765625,1,1,1
1271,9.398044872,7.061811,-55,-3.35693359375,-525,-2.8839111328125,1,1,1
1272,9.405224706,7.156857,-117,-7.14111328125,-538,-2.955322265625,1,1,1
1273,9.412525222,7.240831,-149,-9.09423828125,-547,-3.0047607421875,1,1,1
1274,9.419933777,7.381961,-220,-13.427734375,-571,-3.1365966796875,1,1,1
1275,9.427252341,7.250272,-240,-14.6484375,-585,-3.2135009765625,1,1,1
1276,9.434480851,7.202172,-293,-17.88330078125,-617,-3.3892822265625,1,1,1
1277,9.441755797,7.249408,-313,-19.10400390625,-635,-3.4881591796875,1,1,1
1278,9.449079354,7.261025,-305,-18.61572265625,-671,-3.6859130859375,1,1,1
1279,9.456667697,7.531155,-296,-18.06640625,-688,-3.779296875,1,1,1
1280,9.46398943,7.282306,-271,-16.54052734375,-720,-3.955078125,1,1,1
1281,9.471243926,7.189211,-260,-15.869140625,-734,-4.031982421875,1,1,1
1282,9.478513303,7.239295,-232,-14.16015625,-747,-4.1033935546875,1,1,1
1283,9.485732629,7.193564,-170,-10.3759765625,-768,-4.21875,1,1,1
1284,9.492963347,7.205469,-141,-8.60595703125,-776,-4.2626953125,1,1,1
1285,9.50023202,7.242271,-74,-4.5166015625,-785,-4.3121337890625,1,1,1
1286,9.507382157,7.11055,-40,-2.44140625,-787,-4.3231201171875,1,1,1
1287,9.514503811,7.06549,21,1.28173828125,-785,-4.3121337890625,1,1,1
1288,9.521696383,7.168922,47,2.86865234375,-782,-4.295654296875,1,1,1
1289,9.528922813,7.170874,94,5.7373046875,-772,-4.24072265625,1,1,1
1290,9.536273604,7.299779,115,7.01904296875,-765,-4.2022705078125,1,1,1
1291,9.543608106,7.260225,150,9.1552734375,-748,-4.10888671875,1,1,1
1292,9.550827751,7.185755,162,9.8876953125,-739,-4.0594482421875,1,1,1
1293,9.558119914,7.231903,176,10.7421875,-728,-3.9990234375,1,1,1
1294,9.565437134,7.205564,193,11.77978515625,-707,-3.8836669921875,1,1,1
1295,9.572627114,7.161914,196,11.962890625,-695,-3.8177490234375,1,1,1
1296,9.580143164,7.451214,208,12.6953125,-672,-3.69140625,1,1,1
1297,9.587324695,7.146552,211,12.87841796875,-660,-3.62548828125,1,1,1
1298,9.594441805,7.081779,216,13.18359375,-635,-3.4881591796875,1,1,1
1299,9.60173192,7.221726,218,13.3056640625,-623,-3.4222412109375,1,1,1
1300,9.608861223,7.100565,227,13.85498046875,-598,-3.284912109375,1,1,1
1301,9.616479425,7.565494,226,13.7939453125,-585,-3.2135009765625,1,1,1
1302,9.624254246,7.729762,217,13.24462890625,-561,-3.0816650390625,1,1,1
1303,9.6322182,7.908654,211,12.87841796875,-549,-3.0157470703125,1,1,1
1304,9.639498394,7.237055,194,11.8408203125,-527,-2.8948974609375,1,1,1
1305,9.647027181,7.455438,183,11.16943359375,-518,-2.845458984375,1,1,1
1306,9.654534495,7.417612,157,9.58251953125,-500,-2.74658203125,1,1,1
1307,9.662093493,7.429773,138,8.4228515625,-493,-2.7081298828125,1,1,1
1308,9.669666699,7.470607,95,5.79833984375,-482,-2.647705078125,1,1,1
1309,9.677141115,7.420844,70,4.2724609375,-479,-2.6312255859375,1,1,1
1310,9.684743763,7.51205,24,1.46484375,-476,-2.61474609375,1,1,1
1311,9.692118844,7.286114,0,0.0,-477,-2.6202392578125,1,1,1
1312,9.699349146,7.197852,-46,-2.8076171875,-482,-2.647705078125,1,1,1
1313,9.706517876,7.140472,-70,-4.2724609375,-487,-2.6751708984375,1,1,1
1314,9.713952065,7.368072,-101,-6.16455078125,-499,-2.7410888671875,1,1,1
1315,9.721231523,7.24736,-123,-7.50732421875,-506,-2.779541015625,1,1,1
1316,9.728542855,7.226782,-155,-9.46044921875,-524,-2.87841796875,1,1,1
1317,9.736131102,7.557781,-173,-10.55908203125,-534,-2.933349609375,1,1,1
1318,9.743406304,7.240159,-211,-12.87841796875,-558,-3.065185546875,1,1,1
1319,9.750599355,7.164505,-227,-13.85498046875,-571,-3.1365966796875,1,1,1
1320,9.758076843,7.40209,-260,-15.869140625,-600,-3.2958984375,1,1,1
1321,9.765452724,7.348135,-268,-16.357421875,-616,-3.3837890625,1,1,1
1322,9.772670641,7.184411,-264,-16.11328125,-646,-3.548583984375,1,1,1
1323,9.779848332,7.153081,-250,-15.2587890625,-660,-3.62548828125,1,1,1
1324,9.787142799,7.270465,-236,-14.404296875,-674,-3.702392578125,1,1,1
1325,9.79429972,7.130231,-207,-12.63427734375,-698,-3.834228515625,1,1,1
1326,9.801683313,7.314596,-186,-11.3525390625,-708,-3.88916015625,1,1,1
1327,9.809063802,7.338278,-124,-7.568359375,-723,-3.9715576171875,1,1,1
1328,9.816346524,7.237279,-95,-5.79833984375,-728,-3.9990234375,1,1,1
1329,9.823647807,7.220829,-30,-1.8310546875,-733,-4.0264892578125,1,1,1
1330,9.831186387,7.37316,4,0.244140625,-732,-4.02099609375,1,1,1
1331,9.838846416,7.629146,73,4.45556640625,-725,-3.9825439453125,1,1,1
1332,9.846603348,7.676798,98,5.9814453125,-719,-3.9495849609375,1,1,1
1333,9.85411095,7.375625,151,9.21630859375,-703,-3.8616943359375,1,1,1
1334,9.861580117,7.384649,171,10.43701171875,-693,-3.8067626953125,1,1,1
1335,9.868823156,7.203196,203,12.39013671875,-670,-3.680419921875,1,1,1
1336,9.876144729,7.288515,211,12.87841796875,-658,-3.614501953125,1,1,1
1337,9.883491167,7.274305,222,13.5498046875,-633,-3.4771728515625,1,1,1
1338,9.890981776,7.407115,226,13.7939453125,-620,-3.40576171875,1,1,1
1339,9.898136361,7.122935,234,14.2822265625,-593,-3.2574462890625,1,1,1
1340,9.905331941,7.169338,233,14.22119140625,-580,-3.18603515625,1,1,1
1341,9.912538593,7.138007,230,14.0380859375,-554,-3.043212890625,1,1,1
1342,9.920019474,7.422828,220,13.427734375,-542,-2.977294921875,1,1,1
1343,9.927348791,7.249856,195,11.90185546875,-519,-2.8509521484375,1,1,1
1344,9.934628921,7.247008,182,11.1083984375,-509,-2.7960205078125,1,1,1
1345,9.941931228,7.242079,172,10.498046875,-500,-2.74658203125,1,1,1
1346,9.949234944,7.195804,136,8.30078125,-484,-2.65869140625,1,1,1
1347,9.956511457,7.214813,113,6.89697265625,-478,-2.625732421875,1,1,1
1348,9.963973776,7.404267,68,4.150390625,-470,-2.581787109375,1,1,1
1349,9.971255762,7.210237,38,2.3193359375,-469,-2.5762939453125,1,1,1
1350,9.978381161,7.097013,-20,-1.220703125,-471,-2.5872802734375,1,1,1
1351,9.985494495,7.089813,-56,-3.41796875,-474,-2.603759765625,1,1,1
1352,9.992636663,7.087892,-129,-7.87353515625,-488,-2.6806640625,1,1,1
1353,10.000187084,7.494417,-169,-10.31494140625,-498,-2.735595703125,1,1,1
1354,10.007409322,7.151321,-239,-14.58740234375,-524,-2.87841796875,1,1,1
1355,10.01452512,7.089012,-263,-16.05224609375,-540,-2.96630859375,1,1,1
1356,10.02178672,7.236318,-298,-18.1884765625,-573,-3.1475830078125,1,1,1
1357,10.028949818,7.099797,-316,-19.287109375,-592,-3.251953125,1,1,1
1358,10.036119988,7.114198,-326,-19.8974609375,-610,-3.350830078125,1,1,1
1359,10.043494173,7.288483,-325,-19.83642578125,-648,-3.5595703125,1,1,1
1360,10.050887238,7.324581,-308,-18.798828125,-666,-3.658447265625,1,1,1
1361,10.058150535,7.20422,-266,-16.2353515625,-697,-3.8287353515625,1,1,1
1362,10.065242844,7.064627,-249,-15.19775390625,-711,-3.9056396484375,1,1,1
1363,10.07242015,7.153305,-206,-12.5732421875,-735,-4.0374755859375,1,1,1
1364,10.079918728,7.436333,-179,-10.92529296875,-745,-4.0924072265625,1,1,1
1365,10.087188713,7.193628,-124,-7.568359375,-759,-4.1693115234375,1,1,1
1366,10.094292542,7.069939,-99,-6.04248046875,-764,-4.19677734375,1,1,1
1367,10.101455352,7.139896,-43,-2.62451171875,-770,-4.229736328125,1,1,1
1368,10.1087102,7.198332,-14,-0.8544921875,-770,-4.229736328125,1,0,1
1369,10.116044125,7.279009,12,0.732421875,-769,-4.2242431640625,1,1,1
1370,10.123605683,7.440557,58,3.5400390625,-763,-4.1912841796875,1,1,1
1371,10.130933304,7.183099,78,4.7607421875,-758,-4.163818359375,1,1,1
1372,10.138218779,7.179899,118,7.2021484375,-745,-4.0924072265625,1,1,1
1373,10.145363347,7.121655,135,8.23974609375,-737,-4.0484619140625,1,1,1
1374,10.152571952,7.155353,165,10.07080078125,-718,-3.944091796875,1,1,1
1375,10.160026782,7.393802,178,10.8642578125,-708,-3.88916015625,1,1,1
1376,10.167311232,7.240543,197,12.02392578125,-685,-3.7628173828125,1,1,1
1377,10.174628452,7.283266,205,12.51220703125,-674,-3.702392578125,1,1,1
1378,10.181874596,7.173818,216,13.18359375,-649,-3.5650634765625,1,1,1
1379,10.189154502,7.24816,213,13.00048828125,-637,-3.4991455078125,1,1,1
1380,10.196631445,7.452302,226,13.7939453125,-612,-3.36181640625,1,1,1
1381,10.204323444,7.620954,231,14.09912109375,-599,-3.2904052734375,1,1,1
1382,10.212071351,7.652924,232,14.16015625,-572,-3.14208984375,1,1,1
1383,10.219592234,7.429932,227,13.85498046875,-560,-3.076171875,1,1,1
1384,10.227010102,7.353607,215,13.12255859375,-536,-2.9443359375,1,1,1
1385,10.234300664,7.195612,203,12.39013671875,-524,-2.87841796875,1,1,1
1386,10.241743718,7.380425,181,11.04736328125,-504,-2.7685546875,1,1,1
1387,10.249261592,7.434125,167,10.19287109375,-495,-2.7191162109375,1,1,1
1388,10.256938134,7.631131,122,7.4462890625,-481,-2.6422119140625,1,1,1
1389,10.264332256,7.33879,87,5.31005859375,-477,-2.6202392578125,1,1,1
1390,10.27164362,7.224478,19,1.15966796875,-474,-2.603759765625,1,1,1
1391,10.278965065,7.219198,-13,-0.79345703125,-475,-2.6092529296875,1,1,1
1392,10.286219465,7.226942,-86,-5.2490234375,-484,-2.65869140625,1,1,1
1393,10.293502251,7.220382,-123,-7.50732421875,-492,-2.70263671875,1,1,1
1394,10.300678085,7.122486,-205,-12.51220703125,-514,-2.823486328125,1,1,1
1395,10.308263965,7.555734,-235,-14.34326171875,-528,-2.900390625,1,1,1
1396,10.315613315,7.308771,-264,-16.11328125,-543,-2.9827880859375,1,1,1
1397,10.322884261,7.241759,-305,-18.61572265625,-578,-3.175048828125,1,1,1
1398,10.330178503,7.220477,-325,-19.83642578125,-596,-3.27392578125,1,1,1
1399,10.337398405,7.196924,-351,-21.42333984375,-637,-3.4991455078125,1,1,1
1400,10.344796719,7.367272,-340,-20.751953125,-656,-3.603515625,1,1,1
1401,10.352139766,7.299364,-305,-18.61572265625,-692,-3.80126953125,1,1,1
1402,10.359373844,7.203228,-291,-17.76123046875,-708,-3.88916015625,1,1,1
1403,10.366589169,7.155065,-248,-15.13671875,-738,-4.053955078125,1,1,1
1404,10.373842065,7.225662,-222,-13.5498046875,-750,-4.119873046875,1,1,1
1405,10.380979177,7.110582,-151,-9.21630859375,-768,-4.21875,1,1,1
1406,10.388411702,7.372873,-117,-7.14111328125,-775,-4.2572021484375,1,1,1
1407,10.395812384,7.326917,-55,-3.35693359375,-782,-4.295654296875,1,1,1
1408,10.402996091,7.156601,-17,-1.03759765625,-782,-4.295654296875,1,0,1
1409,10.41011445,7.05333,18,1.0986328125,-781,-4.2901611328125,1,1,1
1410,10.417275115,7.108822,84,5.126953125,-772,-4.24072265625,1,1,1
1411,10.424756859,7.402346,114,6.9580078125,-765,-4.2022705078125,1,1,1
1412,10.43259338,7.793126,169,10.31494140625,-747,-4.1033935546875,1,1,1
1413,10.440241344,7.545813,191,11.65771484375,-735,-4.0374755859375,1,1,1
1414,10.447563845,7.275298,230,14.0380859375,-710,-3.900146484375,1,1,1
1415,10.454787555,7.189244,244,14.892578125,-696,-3.8232421875,1,1,1
1416,10.462010945,7.192572,261,15.93017578125,-666,-3.658447265625,1,1,1
1417,10.469358087,7.3113,270,16.4794921875,-650,-3.570556640625,1,1,1
1418,10.47671387,7.310724,276,16.845703125,-619,-3.4002685546875,1,1,1
1419,10.483963054,7.216061,278,16.9677734375,-604,-3.31787109375,1,1,1
1420,10.491103878,7.11439,275,16.78466796875,-572,-3.14208984375,1,1,1
1421,10.498311139,7.183707,271,16.54052734375,-557,-3.0596923828125,1,1,1
1422,10.505676267,7.295427,245,14.95361328125,-529,-2.9058837890625,1,1,1
1423,10.512995311,7.277729,231,14.09912109375,-516,-2.83447265625,1,1,1
1424,10.520309075,7.220061,198,12.0849609375,-494,-2.713623046875,1,1,1
1425,10.527597494,7.218622,180,10.986328125,-484,-2.65869140625,1,1,1
1426,10.534869463,7.244863,156,9.521484375,-476,-2.61474609375,1,1,1
1427,10.542032401,7.112502,109,6.65283203125,-463,-2.5433349609375,1,1,1
1428,10.549446268,7.351143,80,4.8828125,-459,-2.5213623046875,1,1,1
1429,10.55680474,7.317125,21,1.28173828125,-457,-2.5103759765625,1,1,1
1430,10.564045187,7.178427,-11,-0.67138671875,-458,-2.515869140625,1,1,1
1431,10.571163545,7.094709,-81,-4.94384765625,-467,-2.5653076171875,1,1,1
1432,10.578308689,7.123446,-122,-7.4462890625,-475,-2.6092529296875,1,1,1
1433,10.585706716,7.3682,-200,-12.20703125,-496,-2.724609375,1,1,1
1434,10.592924889,7.176442,-237,-14.46533203125,-510,-2.801513671875,1,1,1
1435,10.600245726,7.260193,-305,-18.61572265625,-544,-2.98828125,1,1,1
1436,10.607313745,7.043057,-329,-20.08056640625,-563,-3.0926513671875,1,1,1
1437,10.614437768,7.053778,-368,-22.4609375,-585,-3.2135009765625,1,1,1
1438,10.621603105,7.143736,-397,-24.23095703125,-630,-3.460693359375,1,1,1
1439,10.629048399,7.417164,-394,-24.0478515625,-652,-3.58154296875,1,1,1
1440,10.636411255,7.319781,-362,-22.0947265625,-694,-3.812255859375,1,1,1
1441,10.643663863,7.226559,-346,-21.1181640625,-714,-3.922119140625,1,1,1
1442,10.650961274,7.196764,-300,-18.310546875,-749,-4.1143798828125,1,1,1
1443,10.658169302,7.183227,-262,-15.9912109375,-764,-4.19677734375,1,1,1
1444,10.665713003,7.517523,-182,-11.1083984375,-786,-4.317626953125,1,1,1
1445,10.673006574,7.253568,-138,-8.4228515625,-793,-4.3560791015625,1,1,1
1446,10.68032149,7.243263,-54,-3.2958984375,-800,-4.39453125,1,1,1
1447,10.687417511,7.072115,-13,-0.79345703125,-800,-4.39453125,1,0,1
1448,10.69459405,7.150937,68,4.150390625,-794,-4.361572265625,1,1,1
1449,10.701719256,7.102197,104,6.34765625,-787,-4.3231201171875,1,1,1
1450,10.709140484,7.335077,134,8.1787109375,-779,-4.2791748046875,1,1,1
1451,10.716618964,7.439021,196,11.962890625,-757,-4.1583251953125,1,1,1
1452,10.723921464,7.275362,225,13.73291015625,-744,-4.0869140625,1,1,1
1453,10.731028045,7.062322,260,15.869140625,-715,-3.9276123046875,1,1,1
1454,10.738224393,7.173498,279,17.02880859375,-698,-3.834228515625,1,1,1
1455,10.745645429,7.392746,303,18.49365234375,-664,-3.6474609375,1,1,1
1456,10.752956473,7.268033,309,18.85986328125,-647,-3.5540771484375,1,1,1
1457,10.760291391,7.269345,317,19.34814453125,-611,-3.3563232421875,1,1,1
1458,10.767392468,7.076019,318,19.4091796875,-593,-3.2574462890625,1,1,1
1459,10.774539085,7.119127,315,19.22607421875,-557,-3.0596923828125,1,1,1
1460,10.781651843,7.088181,302,18.4326171875,-540,-2.96630859375,1,1,1
1461,10.789107345,7.427788,281,17.15087890625,-524,-2.87841796875,1,1,1
1462,10.796418037,7.270081,244,14.892578125,-496,-2.724609375,1,1,1
1463,10.803767004,7.265089,221,13.48876953125,-484,-2.65869140625,1,1,1
1464,10.811034909,7.203005,175,10.68115234375,-464,-2.548828125,1,1,1
1465,10.818332736,7.237855,143,8.72802734375,-457,-2.5103759765625,1,1,1
1466,10.825754284,7.394602,67,4.08935546875,-448,-2.4609375,1,1,1
1467,10.83309637,7.298915,23,1.40380859375,-448,-2.4609375,1,0,1
1468,10.840417015,7.291907,-62,-3.7841796875,-454,-2.493896484375,1,1,1
1469,10.847746012,7.301251,-106,-6.4697265625,-461,-2.5323486328125,1,1,1
1470,10.854994748,7.223358,-199,-12.14599609375,-482,-2.647705078125,1,1,1
1471,10.862152949,7.13452,-244,-14.892578125,-497,-2.7301025390625,1,1,1
1472,10.869561728,7.348903,-324,-19.775390625,-533,-2.9278564453125,1,1,1
1473,10.876919975,7.317956,-351,-21.42333984375,-553,-3.0377197265625,1,1,1
1474,10.884212522,7.224382,-402,-24.5361328125,-598,-3.284912109375,1,1,1
1475,10.891484779,7.243775,-422,-25.7568359375,-622,-3.416748046875,1,1,1
1476,10.898958075,7.389482,-410,-25.0244140625,-670,-3.680419921875,1,1,1
1477,10.906323811,7.337254,-389,-23.74267578125,-692,-3.80126953125,1,1,1
1478,10.913814003,7.395402,-348,-21.240234375,-733,-4.0264892578125,1,1,1
1479,10.921190332,7.301283,-327,-19.95849609375,-751,-4.1253662109375,1,1,1
1480,10.92847555,7.219197,-296,-18.06640625,-767,-4.2132568359375,1,1,1
1481,10.935812708,7.28109,-207,-12.63427734375,-793,-4.3560791015625,1,1,1
1482,10.943053347,7.185307,-161,-9.82666015625,-801,-4.4000244140625,1,1,1
1483,10.950321316,7.210685,-81,-4.94384765625,-812,-4.46044921875,1,1,1
1484,10.957654954,7.266337,-36,-2.197265625,-813,-4.4659423828125,1,1,1
1485,10.964750175,7.040049,51,3.11279296875,-808,-4.4384765625,1,1,1
1486,10.971923641,7.121719,88,5.37109375,-803,-4.4110107421875,1,1,1
1487,10.979195738,7.218877,159,9.70458984375,-786,-4.317626953125,1,1,1
1488,10.986552642,7.30282,191,11.65771484375,-774,-4.251708984375,1,1,1
1489,10.993836676,7.223038,252,15.380859375,-747,-4.1033935546875,1,1,1
1490,11.00117201,7.274978,273,16.66259765625,-731,-4.0155029296875,1,1,1
1491,11.008408712,7.175514,310,18.9208984375,-696,-3.8232421875,1,1,1
1492,11.015527519,7.056178,326,19.8974609375,-677,-3.7188720703125,1,1,1
1493,11.022820674,7.243616,331,20.20263671875,-658,-3.614501953125,1,1,1
1494,11.030141607,7.267233,341,20.81298828125,-619,-3.4002685546875,1,1,1
1495,11.037500014,7.277858,339,20.69091796875,-600,-3.2958984375,1,1,1
1496,11.044790577,7.243072,331,20.20263671875,-562,-3.087158203125,1,1,1
1497,11.052047345,7.223998,317,19.34814453125,-544,-2.98828125,1,1,1
1498,11.059178696,7.074195,284,17.333984375,-512,-2.8125,1,1,1
1499,11.06671622,7.480528,263,16.05224609375,-497,-2.7301025390625,1,1,1
1500,11.074112998,7.321445,223,13.61083984375,-472,-2.5927734375,1,1,1
1501,11.08147387,7.311812,196,11.962890625,-461,-2.5323486328125,1,1,1
1502,11.088825301,7.242399,134,8.1787109375,-445,-2.4444580078125,1,1,1
1503,11.096223423,7.322469,101,6.16455078125,-440,-2.4169921875,1,1,1
1504,11.103560677,7.268193,25,1.52587890625,-437,-2.4005126953125,1,1,1
1505,11.11113974,7.541909,-7,-0.42724609375,-438,-2.406005859375,1,1,1
1506,11.11848733,7.269409,-84,-5.126953125,-447,-2.4554443359375,1,1,1
1507,11.125768356,7.217757,-117,-7.14111328125,-455,-2.4993896484375,1,1,1
1508,11.133133932,7.334341,-197,-12.02392578125,-476,-2.61474609375,1,1,1
1509,11.140384908,7.220318,-232,-14.16015625,-490,-2.691650390625,1,1,1
1510,11.147874653,7.457007,-263,-16.05224609375,-506,-2.779541015625,1,1,1
1511,11.15511654,7.20102,-318,-19.4091796875,-541,-2.9718017578125,1,1,1
1512,11.162414271,7.267425,-343,-20.93505859375,-561,-3.0816650390625,1,1,1
1513,11.169802633,7.325669,-392,-23.92578125,-605,-3.3233642578125,1,1,1
1514,11.177074858,7.243935,-401,-24.47509765625,-628,-3.44970703125,1,1,1
1515,11.184321609,7.141144,-381,-23.25439453125,-672,-3.69140625,1,1,1
1516,11.191870494,7.516242,-362,-22.0947265625,-693,-3.8067626953125,1,1,1
1517,11.199141056,7.228799,-323,-19.71435546875,-731,-4.0155029296875,1,1,1
1518,11.206438819,7.264033,-299,-18.24951171875,-747,-4.1033935546875,1,1,1
1519,11.2137137,7.240863,-219,-13.36669921875,-774,-4.251708984375,1,1,1
1520,11.220967652,7.216509,-177,-10.80322265625,-783,-4.3011474609375,1,1,1
1521,11.228433747,7.402282,-98,-5.9814453125,-795,-4.3670654296875,1,1,1
1522,11.235880577,7.401611,-53,-3.23486328125,-798,-4.383544921875,1,1,1
1523,11.243086589,7.137399,35,2.13623046875,-795,-4.3670654296875,1,1,1
1524,11.250344158,7.229375,78,4.7607421875,-790,-4.339599609375,1,1,1
1525,11.257450451,7.081396,144,8.7890625,-774,-4.251708984375,1,1,1
1526,11.264703411,7.230462,175,10.68115234375,-764,-4.19677734375,1,1,1
1527,11.272082428,7.349095,202,12.3291015625,-752,-4.130859375,1,1,1
1528,11.279380991,7.201948,249,15.19775390625,-724,-3.97705078125,1,1,1
1529,11.28673351,7.290402,266,16.2353515625,-708,-3.88916015625,1,1,1
1530,11.2940114,7.253664,297,18.12744140625,-675,-3.7078857421875,1,1,1
1531,11.30132398,7.28605,303,18.49365234375,-657,-3.6090087890625,1,1,1
1532,11.308765177,7.414507,313,19.10400390625,-622,-3.416748046875,1,1,1
1533,11.316062941,7.252512,324,19.775390625,-604,-3.31787109375,1,1,1
1534,11.323363488,7.239615,317,19.34814453125,-567,-3.1146240234375,1,1,1
1535,11.330494231,7.106197,307,18.73779296875,-550,-3.021240234375,1,1,1
1536,11.338962349,8.444532,264,16.11328125,-519,-2.8509521484375,1,1,1
1537,11.346326165,7.334086,240,14.6484375,-506,-2.779541015625,1,1,1
1538,11.353671675,7.276321,192,11.71875,-483,-2.6531982421875,1,1,1
1539,11.361064549,7.318821,172,10.498046875,-474,-2.603759765625,1,1,1
1540,11.368391402,7.296099,110,6.7138671875,-461,-2.5323486328125,1,1,1
1541,11.375603175,7.110614,82,5.0048828125,-457,-2.5103759765625,1,1,1
1542,11.38292558,7.297955,12,0.732421875,-455,-2.4993896484375,1,1,1
1543,11.390212174,7.261952,-17,-1.03759765625,-457,-2.5103759765625,1,1,1
1544,11.397525011,7.26957,-76,-4.638671875,-465,-2.5543212890625,1,1,1
1545,11.404639209,7.088181,-108,-6.591796875,-472,-2.5927734375,1,1,1
1546,11.411888136,7.22531,-141,-8.60595703125,-481,-2.6422119140625,1,1,1
1547,11.419083172,7.166842,-201,-12.26806640625,-503,-2.7630615234375,1,1,1
1548,11.426232029,7.124215,-227,-13.85498046875,-516,-2.83447265625,1,1,1
1549,11.433659017,7.399242,-260,-15.869140625,-546,-2.999267578125,1,1,1
1550,11.441006032,7.274562,-280,-17.08984375,-563,-3.0926513671875,1,1,1
1551,11.448085828,7.052818,-305,-18.61572265625,-597,-3.2794189453125,1,1,1
1552,11.455213115,7.104694,-323,-19.71435546875,-616,-3.3837890625,1,1,1
1553,11.462368532,7.132312,-317,-19.34814453125,-652,-3.58154296875,1,1,1
1554,11.469814881,7.343622,-304,-18.5546875,-670,-3.680419921875,1,1,1
1555,11.477237901,7.382153,-280,-17.08984375,-702,-3.856201171875,1,1,1
1556,11.484456171,7.154233,-274,-16.7236328125,-717,-3.9385986328125,1,1,1
1557,11.491574785,7.094677,-260,-15.869140625,-745,-4.0924072265625,1,1,1
1558,11.498903303,7.304676,-211,-12.87841796875,-756,-4.15283203125,1,1,1
1559,11.50620753,7.27997,-187,-11.41357421875,-767,-4.2132568359375,1,1,1
1560,11.513617525,7.381129,-143,-8.72802734375,-783,-4.3011474609375,1,1,1
1561,11.520930361,7.271905,-118,-7.2021484375,-789,-4.3341064453125,1,1,1
1562,11.528037391,7.08162,-64,-3.90625,-797,-4.3780517578125,1,1,1
1563,11.535253613,7.1919,-42,-2.5634765625,-799,-4.3890380859375,1,1,1
1564,11.542473834,7.195324,10,0.6103515625,-798,-4.383544921875,1,1,1
1565,11.549760685,7.233119,37,2.25830078125,-795,-4.3670654296875,1,1,1
1566,11.557098419,7.298052,93,5.67626953125,-785,-4.3121337890625,1,1,1
1567,11.564401174,7.187067,122,7.4462890625,-778,-4.273681640625,1,1,1
1568,11.571528781,7.103733,163,9.94873046875,-760,-4.1748046875,1,1,1
1569,11.578813967,7.261952,188,11.474609375,-749,-4.1143798828125,1,1,1
1570,11.586196697,7.358152,205,12.51220703125,-737,-4.0484619140625,1,1,1
1571,11.593560256,7.281154,239,14.58740234375,-710,-3.900146484375,1,1,1
1572,11.600901831,7.301476,251,15.31982421875,-696,-3.8232421875,1,1,1
1573,11.6080103,7.079219,272,16.6015625,-665,-3.6529541015625,1,1,1
1574,11.615220697,7.183547,274,16.7236328125,-649,-3.5650634765625,1,1,1
1575,11.622457176,7.213565,285,17.39501953125,-617,-3.3892822265625,1,1,1
1576,11.629703896,7.22419,293,17.88330078125,-601,-3.3013916015625,1,1,1
1577,11.636873874,7.136472,293,17.88330078125,-568,-3.1201171875,0,1,1
1578,11.643981384,7.079924,289,17.63916015625,-551,-3.0267333984375,1,1,1
1579,11.65110291,7.094324,259,15.80810546875,-522,-2.867431640625,1,1,1
1580,11.658416227,7.202173,242,14.7705078125,-508,-2.79052734375,1,1,1
1581,11.665558939,7.117815,224,13.671875,-496,-2.724609375,1,1,1
1582,11.672797658,7.212765,178,10.8642578125,-476,-2.61474609375,1,1,1
1583,11.680079932,7.207037,155,9.46044921875,-468,-2.57080078125,1,1,1
1584,11.687304282,7.19734,72,4.39453125,-459,-2.5213623046875,1,1,1
1585,11.694398223,7.068403,30,1.8310546875,-458,-2.515869140625,1,1,1
1586,11.701536678,7.115862,-68,-4.150390625,-465,-2.5543212890625,1,1,1
1587,11.709171969,7.613273,-109,-6.65283203125,-472,-2.5927734375,1,1,1
1588,11.716499207,7.288835,-193,-11.77978515625,-493,-2.7081298828125,1,1,1
1589,11.72360118,7.074163,-230,-14.0380859375,-506,-2.779541015625,1,1,1
1590,11.730894111,7.267681,-303,-18.49365234375,-540,-2.96630859375,1,1,1
1591,11.738103452,7.150297,-331,-20.20263671875,-559,-3.0706787109375,1,1,1
1592,11.74544605,7.316388,-362,-22.0947265625,-580,-3.18603515625,1,1,1
1593,11.752847308,7.371528,-412,-25.146484375,-627,-3.4442138671875,1,1,1
1594,11.760134031,7.250368,-418,-25.5126953125,-650,-3.570556640625,1,1,1
1595,11.767454708,7.293155,-398,-24.2919921875,-697,-3.8287353515625,1,1,1
1596,11.774698323,7.214717,-388,-23.681640625,-719,-3.9495849609375,1,1,1
1597,11.781994806,7.271809,-350,-21.3623046875,-759,-4.1693115234375,1,1,1
1598,11.789364606,7.344294,-319,-19.47021484375,-777,-4.2681884765625,1,1,1
1599,11.796661953,7.259168,-239,-14.58740234375,-806,-4.427490234375,1,1,1
1600,11.803928802,7.173882,-198,-12.0849609375,-817,-4.4879150390625,1,1,1
1601,11.81111635,7.160762,-119,-7.26318359375,-831,-4.5648193359375,1,1,1
1602,11.818374046,7.231518,-76,-4.638671875,-835,-4.5867919921875,1,1,1
1603,11.825509494,7.109174,9,0.54931640625,-835,-4.5867919921875,1,0,1
1604,11.83287331,7.33655,50,3.0517578125,-832,-4.5703125,1,1,1
1605,11.840094395,7.187547,87,5.31005859375,-826,-4.537353515625,1,1,1
1606,11.847356636,7.176155,154,9.3994140625,-809,-4.4439697265625,1,1,1
1607,11.854544279,7.164025,182,11.1083984375,-798,-4.383544921875,1,1,1
1608,11.861662798,7.095285,235,14.34326171875,-772,-4.24072265625,1,1,1
1609,11.868812262,7.12287,258,15.7470703125,-757,-4.1583251953125,1,1,1
1610,11.876103209,7.258112,291,17.76123046875,-725,-3.9825439453125,1,1,1
1611,11.883397324,7.266913,303,18.49365234375,-707,-3.8836669921875,1,1,1
1612,11.890742611,7.316997,313,19.10400390625,-672,-3.69140625,1,1,1
1613,11.897921965,7.153337,308,18.798828125,-654,-3.592529296875,1,1,1
1614,11.905109161,7.162586,300,18.310546875,-637,-3.4991455078125,1,1,1
1615,11.912285251,7.150553,287,17.51708984375,-604,-3.31787109375,1,1,1
1616,11.9195,7.184283,279,17.02880859375,-589,-3.2354736328125,1,1,1
1617,11.926816037,7.256064,260,15.869140625,-559,-3.0706787109375,1,1,1
1618,11.93396387,7.124023,246,15.0146484375,-545,-2.9937744140625,1,1,1
1619,11.941212765,7.154073,208,12.6953125,-521,-2.8619384765625,1,1,1
1620,11.948407129,7.171002,192,11.71875,-511,-2.8070068359375,1,1,1
1621,11.95578557,7.345159,147,8.97216796875,-494,-2.713623046875,1,1,1
1622,11.962916921,7.104277,124,7.568359375,-488,-2.6806640625,1,1,1
1623,11.970064626,7.122967,71,4.33349609375,-479,-2.6312255859375,1,1,1
1624,11.977218731,7.128343,44,2.685546875,-478,-2.625732421875,1,1,1
1625,11.984638487,7.364008,16,0.9765625,-477,-2.6202392578125,1,1,1
1626,11.992023904,7.315652,-36,-2.197265625,-481,-2.6422119140625,1,1,1
1627,11.999250558,7.19782,-60,-3.662109375,-486,-2.669677734375,1,1,1
1628,12.006398199,7.078964,-107,-6.53076171875,-498,-2.735595703125,1,1,1
1629,12.013730332,7.274657,-130,-7.9345703125,-506,-2.779541015625,1,1,1
1630,12.021026239,7.264449,-176,-10.7421875,-526,-2.889404296875,1,1,1
1631,12.028338915,7.28589,-202,-12.3291015625,-538,-2.955322265625,1,1,1
1632,12.035647527,7.203292,-244,-14.892578125,-565,-3.1036376953125,1,1,1
1633,12.042896007,7.157657,-264,-16.11328125,-580,-3.18603515625,1,1,1
1634,12.050044192,7.123671,-316,-19.287109375,-616,-3.3837890625,1,1,1
1635,12.057209753,7.142488,-333,-20.32470703125,-635,-3.4881591796875,1,1,1
1636,12.064285933,7.054642,-337,-20.56884765625,-654,-3.592529296875,1,1,1
1637,12.071512171,7.204573,-336,-20.5078125,-693,-3.8067626953125,1,1,1
1638,12.078761579,7.219326,-333,-20.32470703125,-711,-3.9056396484375,1,1,1
1639,12.086045901,7.25872,-319,-19.47021484375,-748,-4.10888671875,1,1,1
1640,12.09326065,7.190971,-300,-18.310546875,-765,-4.2022705078125,1,1,1
1641,12.100498217,7.210557,-246,-15.0146484375,-793,-4.3560791015625,1,1,1
1642,12.108824309,8.301386,-217,-13.24462890625,-805,-4.4219970703125,1,1,1
1643,12.116432174,7.420588,-156,-9.521484375,-824,-4.5263671875,1,1,1
1644,12.123810103,7.308772,-122,-7.4462890625,-830,-4.559326171875,1,1,1
1645,12.131220066,7.281058,-44,-2.685546875,-836,-4.59228515625,1,1,1
1646,12.13856164,7.283074,-11,-0.67138671875,-836,-4.59228515625,1,0,1
1647,12.14578231,7.194268,53,3.23486328125,-830,-4.559326171875,1,1,1
1648,12.153194449,7.384137,87,5.31005859375,-825,-4.5318603515625,1,1,1
1649,12.160363819,7.103189,145,8.85009765625,-809,-4.4439697265625,1,1,1
1650,12.167490818,7.100597,164,10.009765625,-799,-4.3890380859375,1,1,1
1651,12.174662396,7.147096,212,12.939453125,-776,-4.2626953125,1,1,1
1652,12.181751409,7.064563,232,14.16015625,-762,-4.185791015625,1,1,1
1653,12.188928011,7.151608,249,15.19775390625,-748,-4.10888671875,1,1,1
1654,12.196543269,7.587416,279,17.02880859375,-716,-3.93310546875,1,1,1
1655,12.204093978,7.490033,287,17.51708984375,-700,-3.84521484375,1,1,1
1656,12.211636462,7.517394,299,18.24951171875,-666,-3.658447265625,1,1,1
1657,12.219364432,7.617978,300,18.310546875,-649,-3.5650634765625,1,1,1
1658,12.2269073,7.481456,293,17.88330078125,-616,-3.3837890625,1,1,1
1659,12.234548,7.52786,293,17.88330078125,-583,-3.2025146484375,0,1,1
1660,12.241876549,7.255168,289,17.63916015625,-567,-3.1146240234375,1,1,1
1661,12.248967002,7.062483,259,15.80810546875,-537,-2.9498291015625,1,1,1
1662,12.256080848,7.087189,236,14.404296875,-524,-2.87841796875,1,1,1
1663,12.263211399,7.107254,213,13.00048828125,-513,-2.8179931640625,1,1,1
1664,12.270359584,7.125047,167,10.19287109375,-494,-2.713623046875,1,1,1
1665,12.277679556,7.294307,136,8.30078125,-487,-2.6751708984375,1,1,1
1666,12.284887713,7.181883,73,4.45556640625,-478,-2.625732421875,1,1,1
1667,12.292107455,7.157465,38,2.3193359375,-477,-2.6202392578125,1,1,1
1668,12.299209972,7.075827,-32,-1.953125,-480,-2.63671875,1,1,1
1669,12.306395119,7.128695,-64,-3.90625,-484,-2.65869140625,1,1,1
1670,12.313676817,7.226942,-94,-5.7373046875,-491,-2.6971435546875,1,1,1
1671,12.320974036,7.218493,-165,-10.07080078125,-509,-2.7960205078125,1,1,1
1672,12.328294585,7.296707,-198,-12.0849609375,-521,-2.8619384765625,1,1,1
1673,12.335499862,7.177339,-253,-15.44189453125,-549,-3.0157470703125,1,1,1
1674,12.342880863,7.349735,-277,-16.90673828125,-565,-3.1036376953125,1,1,1
1675,12.350223589,7.309508,-332,-20.263671875,-602,-3.306884765625,1,1,1
1676,12.357541002,7.289411,-349,-21.30126953125,-622,-3.416748046875,1,1,1
1677,12.364810155,7.211389,-363,-22.15576171875,-663,-3.6419677734375,1,1,1
1678,12.372128623,7.260352,-356,-21.728515625,-684,-3.75732421875,1,1,1
1679,12.379518649,7.362152,-341,-20.81298828125,-723,-3.9715576171875,1,1,1
1680,12.38689805,7.315332,-329,-20.08056640625,-741,-4.0704345703125,1,1,1
1681,12.394161251,7.234975,-277,-16.90673828125,-774,-4.251708984375,1,1,1
1682,12.40126508,7.079924,-249,-15.19775390625,-788,-4.32861328125,1,1,1
1683,12.408388591,7.097525,-187,-11.41357421875,-810,-4.449462890625,1,1,1
1684,12.41551351,7.047921,-154,-9.3994140625,-818,-4.493408203125,1,1,1
1685,12.42264899,7.112598,-122,-7.4462890625,-824,-4.5263671875,1,1,1
1686,12.429874044,7.200733,-57,-3.47900390625,-832,-4.5703125,1,1,1
1687,12.43707372,7.16745,-26,-1.5869140625,-832,-4.5703125,1,0,1
1688,12.444247986,7.11567,25,1.52587890625,-830,-4.559326171875,1,1,1
1689,12.451340231,7.042545,52,3.173828125,-826,-4.537353515625,1,1,1
1690,12.458542051,7.177882,101,6.16455078125,-815,-4.4769287109375,1,1,1
1691,12.465876009,7.309732,122,7.4462890625,-808,-4.4384765625,1,1,1
1692,12.473063877,7.158234,161,9.82666015625,-789,-4.3341064453125,1,1,1
1693,12.480314244,7.225054,177,10.80322265625,-779,-4.2791748046875,1,1,1
1694,12.487792308,7.445421,193,11.77978515625,-768,-4.21875,1,1,1
1695,12.494968655,7.146777,221,13.48876953125,-743,-4.0814208984375,1,1,1
1696,12.50215713,7.162905,227,13.85498046875,-730,-4.010009765625,1,1,1
1697,12.509441773,7.204029,242,14.7705078125,-703,-3.8616943359375,1,1,1
1698,12.516565987,7.099957,246,15.0146484375,-689,-3.7847900390625,1,1,1
1699,12.523639799,7.050226,243,14.83154296875,-661,-3.6309814453125,1,1,1
1700,12.531037665,7.375689,236,14.404296875,-648,-3.5595703125,1,1,1
1701,12.538283393,7.21459,229,13.97705078125,-622,-3.416748046875,1,1,1
1702,12.545376213,7.068627,226,13.7939453125,-609,-3.3453369140625,1,1,1
1703,12.55252075,7.120791,222,13.5498046875,-597,-3.2794189453125,1,1,1
1704,12.559754604,7.213181,205,12.51220703125,-574,-3.153076171875,1,1,1
1705,12.566966985,7.187131,189,11.53564453125,-564,-3.09814453125,1,1,1
1706,12.574223914,7.234143,168,10.25390625,-545,-2.9937744140625,1,1,1
1707,12.581559088,7.3009,157,9.58251953125,-537,-2.9498291015625,1,1,1
1708,12.588929624,7.293091,130,7.9345703125,-522,-2.867431640625,1,1,1
1709,12.596186808,7.22467,122,7.4462890625,-516,-2.83447265625,1,1,1
1710,12.603465786,7.189596,78,4.7607421875,-507,-2.7850341796875,1,1,1
1711,12.610643733,7.150809,58,3.5400390625,-505,-2.7740478515625,1,1,1
1712,12.617991899,7.306691,14,0.8544921875,-503,-2.7630615234375,1,1,1
1713,12.625212633,7.188699,-6,-0.3662109375,-504,-2.7685546875,1,1,1
1714,12.632519517,7.278434,-29,-1.77001953125,-507,-2.7850341796875,1,1,1
1715,12.639824577,7.274466,-81,-4.94384765625,-515,-2.8289794921875,1,1,1
1716,12.64731765,7.434413,-103,-6.28662109375,-522,-2.867431640625,1,1,1
1717,12.654660184,7.268897,-140,-8.544921875,-538,-2.955322265625,1,1,1
1718,12.661860788,7.137239,-160,-9.765625,-547,-3.0047607421875,1,1,1
1719,12.668997804,7.079636,-194,-11.8408203125,-569,-3.1256103515625,1,1,1
1720,12.676155365,7.132407,-213,-13.00048828125,-581,-3.1915283203125,1,1,1
1721,12.683439272,7.258241,-253,-15.44189453125,-610,-3.350830078125,1,1,1
1722,12.690860916,7.359336,-270,-16.4794921875,-625,-3.4332275390625,1,1,1
1723,12.698189369,7.295299,-287,-17.51708984375,-658,-3.614501953125,1,1,1
1724,12.705325873,7.111318,-284,-17.333984375,-674,-3.702392578125,1,1,1
1725,12.712648662,7.296643,-284,-17.333984375,-706,-3.878173828125,0,1,1
1726,12.719882388,7.209853,-281,-17.15087890625,-722,-3.966064453125,1,1,1
1727,12.72811913,8.210692,-272,-16.6015625,-737,-4.0484619140625,1,1,1
1728,12.73580268,7.538708,-239,-14.58740234375,-765,-4.2022705078125,1,1,1
1729,12.742998612,7.168314,-192,-11.71875,-787,-4.3231201171875,1,1,1
1730,12.750154733,7.097397,-171,-10.43701171875,-796,-4.37255859375,1,1,1
1731,12.757266723,7.085844,-118,-7.2021484375,-810,-4.449462890625,1,1,1
1732,12.764452895,7.127415,-89,-5.43212890625,-815,-4.4769287109375,1,1,1
1733,12.771770563,7.256704,-57,-3.47900390625,-817,-4.4879150390625,1,1,1
1734,12.779184751,7.387946,3,0.18310546875,-818,-4.493408203125,1,1,1
1735,12.786540726,7.28749,33,2.01416015625,-815,-4.4769287109375,1,1,1
1736,12.793758708,7.167386,92,5.615234375,-806,-4.427490234375,1,1,1
1737,12.801066167,7.251136,119,7.26318359375,-798,-4.383544921875,1,1,1
1738,12.808160812,7.071539,167,10.19287109375,-780,-4.28466796875,1,1,1
1739,12.815297572,7.111862,192,11.71875,-769,-4.2242431640625,1,1,1
1740,12.822410906,7.05797,228,13.916015625,-743,-4.0814208984375,1,1,1
1741,12.829704701,7.239743,246,15.0146484375,-729,-4.0045166015625,1,1,1
1742,12.837098343,7.328741,268,16.357421875,-699,-3.8397216796875,1,1,1
1743,12.844370184,7.243423,276,16.845703125,-683,-3.7518310546875,1,1,1
1744,12.851513281,7.119703,281,17.15087890625,-667,-3.6639404296875,1,1,1
1745,12.858779138,7.241248,275,16.78466796875,-636,-3.49365234375,1,1,1
1746,12.866058595,7.254528,266,16.2353515625,-621,-3.4112548828125,1,1,1
1747,12.87317977,7.097589,254,15.5029296875,-592,-3.251953125,1,1,1
1748,12.880438523,7.235903,246,15.0146484375,-579,-3.1805419921875,1,1,1
1749,12.887617397,7.090996,217,13.24462890625,-554,-3.043212890625,1,1,1
1750,12.894935962,7.289411,196,11.962890625,-543,-2.9827880859375,1,1,1
1751,12.902063249,7.067923,162,9.8876953125,-525,-2.8839111328125,1,1,1
1752,12.909222859,7.13372,142,8.6669921875,-517,-2.8399658203125,1,1,1
1753,12.916324,7.077268,117,7.14111328125,-511,-2.8070068359375,1,1,1
1754,12.923457047,7.10943,54,3.2958984375,-505,-2.7740478515625,1,1,1
1755,12.930752282,7.270785,23,1.40380859375,-504,-2.7685546875,1,1,1
1756,12.938131043,7.344614,-47,-2.86865234375,-509,-2.7960205078125,1,1,1
1757,12.945336736,7.178971,-75,-4.57763671875,-513,-2.8179931640625,1,1,1
1758,12.952447766,7.085012,-131,-7.99560546875,-528,-2.900390625,1,1,1
1759,12.959638322,7.166394,-162,-9.8876953125,-538,-2.955322265625,1,1,1
1760,12.966912499,7.24784,-224,-13.671875,-562,-3.087158203125,1,1,1
1761,12.974064876,7.099157,-250,-15.2587890625,-577,-3.1695556640625,1,1,1
1762,12.981419763,7.277122,-311,-18.98193359375,-611,-3.3563232421875,1,1,1
1763,12.988654834,7.175483,-336,-20.5078125,-631,-3.4661865234375,1,1,1
1764,12.995960534,7.276354,-350,-21.3623046875,-651,-3.5760498046875,1,1,1
1765,13.003111086,7.120118,-360,-21.97265625,-692,-3.80126953125,1,1,1
1766,13.010224549,7.085493,-353,-21.54541015625,-712,-3.9111328125,1,1,1
1767,13.017316825,7.065106,-342,-20.8740234375,-752,-4.130859375,1,1,1
1768,13.024517302,7.148857,-324,-19.775390625,-770,-4.229736328125,1,1,1
1769,13.0319753,7.401418,-262,-15.9912109375,-801,-4.4000244140625,1,1,1
1770,13.03924999,7.203869,-232,-14.16015625,-813,-4.4659423828125,1,1,1
1771,13.046361948,7.083988,-156,-9.521484375,-832,-4.5703125,1,1,1
1772,13.053539158,7.150776,-113,-6.89697265625,-838,-4.603271484375,1,1,1
1773,13.060641228,7.078644,-72,-4.39453125,-842,-4.625244140625,1,1,1
1774,13.067866698,7.202525,12,0.732421875,-841,-4.6197509765625,1,1,1
1775,13.075889376,7.903374,49,2.99072265625,-838,-4.603271484375,1,1,1
1776,13.084577989,8.297289,124,7.568359375,-825,-4.5318603515625,1,1,1
1777,13.09195115,7.343782,186,11.3525390625,-804,-4.41650390625,1,1,1
1778,13.099213327,7.237439,215,13.12255859375,-792,-4.3505859375,1,1,1
1779,13.106416939,7.142424,267,16.29638671875,-763,-4.1912841796875,1,1,1
1780,13.113581765,7.109782,285,17.39501953125,-746,-4.097900390625,1,1,1
1781,13.120754719,7.148376,312,19.04296875,-711,-3.9056396484375,1,1,1
1782,13.127998207,7.221406,316,19.287109375,-693,-3.8067626953125,1,1,1
1783,13.135220252,7.196027,325,19.83642578125,-674,-3.702392578125,1,1,1
1784,13.142416312,7.165529,310,18.9208984375,-639,-3.5101318359375,1,1,1
1785,13.149525518,7.08338,298,18.1884765625,-622,-3.416748046875,1,1,1
1786,13.156687784,7.139928,277,16.90673828125,-591,-3.2464599609375,1,1,1
1787,13.163847137,7.134423,266,16.2353515625,-576,-3.1640625,1,1,1
1788,13.17110493,7.148505,238,14.5263671875,-549,-3.0157470703125,1,1,1
1789,13.178232217,7.102646,212,12.939453125,-537,-2.9498291015625,1,1,1
1790,13.185455735,7.196828,197,12.02392578125,-526,-2.889404296875,1,1,1
1791,13.192629329,7.116374,162,9.8876953125,-508,-2.79052734375,1,1,1
1792,13.199808588,7.154969,139,8.48388671875,-501,-2.7520751953125,1,1,1
1793,13.2071212,7.254368,91,5.55419921875,-490,-2.691650390625,1,1,1
1794,13.214348078,7.20102,65,3.96728515625,-487,-2.6751708984375,1,1,1
1795,13.221497895,7.091412,15,0.91552734375,-486,-2.669677734375,1,1,1
1796,13.228883025,7.341671,-15,-0.91552734375,-487,-2.6751708984375,1,1,1
1797,13.236168755,7.2568,-73,-4.45556640625,-496,-2.724609375,1,1,1
1798,13.243449557,7.222622,-100,-6.103515625,-502,-2.757568359375,1,1,1
1799,13.250960231,7.484752,-154,-9.3994140625,-519,-2.8509521484375,1,1,1
1800,13.258411701,7.399082,-181,-11.04736328125,-530,-2.911376953125,1,1,1
1801,13.265715289,7.199101,-231,-14.09912109375,-556,-3.05419921875,1,1,1
1802,13.272957752,7.206301,-254,-15.5029296875,-571,-3.1365966796875,1,1,1
1803,13.280326176,7.337062,-274,-16.7236328125,-604,-3.31787109375,1,1,1
1804,13.287561823,7.167258,-319,-19.47021484375,-623,-3.4222412109375,1,1,1
1805,13.294835776,7.244511,-330,-20.1416015625,-642,-3.526611328125,1,1,1
1806,13.301964632,7.101782,-322,-19.6533203125,-679,-3.7298583984375,1,1,1
1807,13.309168788,7.177082,-317,-19.34814453125,-697,-3.8287353515625,1,1,1
1808,13.31641698,7.188348,-302,-18.4326171875,-732,-4.02099609375,1,1,1
1809,13.323796829,7.322501,-285,-17.39501953125,-747,-4.1033935546875,1,1,1
1810,13.331122338,7.259104,-237,-14.46533203125,-775,-4.2572021484375,1,1,1
1811,13.338447399,7.292291,-210,-12.8173828125,-787,-4.3231201171875,1,1,1
1812,13.346793204,8.316011,-155,-9.46044921875,-805,-4.4219970703125,1,1,1
1813,13.354071958,7.249248,-129,-7.87353515625,-812,-4.46044921875,1,1,1
1814,13.361352792,7.199516,-61,-3.72314453125,-819,-4.4989013671875,1,1,1
1815,13.368528339,7.115319,-31,-1.89208984375,-821,-4.5098876953125,1,1,1
1816,13.376018787,7.464559,32,1.953125,-818,-4.493408203125,1,1,1
1817,13.383547799,7.394858,63,3.84521484375,-814,-4.471435546875,1,1,1
1818,13.390898814,7.319333,121,7.38525390625,-801,-4.4000244140625,1,1,1
1819,13.398028629,7.102901,143,8.72802734375,-792,-4.3505859375,1,1,1
1820,13.40517947,7.124695,186,11.3525390625,-771,-4.2352294921875,1,1,1
1821,13.412367625,7.161369,201,12.26806640625,-760,-4.1748046875,1,1,1
1822,13.419569734,7.179355,216,13.18359375,-747,-4.1033935546875,1,1,1
1823,13.426914252,7.320292,240,14.6484375,-720,-3.955078125,1,1,1
1824,13.434183885,7.208284,251,15.31982421875,-706,-3.878173828125,1,1,1
1825,13.441569655,7.355207,262,15.9912109375,-676,-3.71337890625,1,1,1
1826,13.448744529,7.107957,264,16.11328125,-661,-3.6309814453125,1,1,1
1827,13.456026611,7.171354,260,15.869140625,-632,-3.4716796875,1,1,1
1828,13.463377242,7.249631,265,16.17431640625,-617,-3.3892822265625,1,1,1
1829,13.470510162,7.111062,266,16.2353515625,-587,-3.2244873046875,1,1,1
1830,13.479031467,8.49948,259,15.80810546875,-573,-3.1475830078125,1,1,1
1831,13.486861588,7.563382,239,14.58740234375,-545,-2.9937744140625,1,1,1
1832,13.494138454,7.24848,220,13.427734375,-533,-2.9278564453125,1,1,1
1833,13.501361396,7.19606,186,11.3525390625,-512,-2.8125,1,1,1
1834,13.508491243,7.070163,170,10.3759765625,-503,-2.7630615234375,1,1,1
1835,13.515599265,7.054322,126,7.6904296875,-488,-2.6806640625,1,1,1
1836,13.522909477,7.253696,91,5.55419921875,-484,-2.65869140625,1,1,1
1837,13.530111329,7.1486,26,1.5869140625,-480,-2.63671875,1,1,1
1838,13.537348576,7.205052,-7,-0.42724609375,-481,-2.6422119140625,1,1,1
1839,13.544439605,7.064947,-70,-4.2724609375,-489,-2.6861572265625,1,1,1
1840,13.551590926,7.073395,-104,-6.34765625,-496,-2.724609375,1,1,1
1841,13.558721477,7.108982,-138,-8.4228515625,-504,-2.7685546875,1,1,1
1842,13.565868542,7.124983,-203,-12.39013671875,-527,-2.8948974609375,1,1,1
1843,13.572950802,7.024624,-231,-14.09912109375,-540,-2.96630859375,1,1,1
1844,13.580443235,7.440878,-282,-17.2119140625,-572,-3.14208984375,1,1,1
1845,13.587882704,7.407115,-306,-18.6767578125,-590,-3.240966796875,1,1,1
1846,13.595026984,7.118294,-352,-21.484375,-629,-3.4552001953125,1,1,1
1847,13.602162176,7.109142,-358,-21.8505859375,-649,-3.5650634765625,1,1,1
1848,13.609461635,7.208348,-348,-21.240234375,-689,-3.7847900390625,1,1,1
1849,13.616572505,7.08738,-337,-20.56884765625,-709,-3.8946533203125,1,1,1
1850,13.623853147,7.226974,-335,-20.44677734375,-727,-3.9935302734375,1,1,1
1851,13.6310614,7.184955,-296,-18.06640625,-762,-4.185791015625,1,1,1
1852,13.63833801,7.248704,-269,-16.41845703125,-777,-4.2681884765625,1,1,1
1853,13.645601723,7.182779,-211,-12.87841796875,-802,-4.405517578125,1,1,1
1854,13.652767477,7.143353,-180,-10.986328125,-812,-4.46044921875,1,1,1
1855,13.659865226,7.073812,-119,-7.26318359375,-826,-4.537353515625,1,1,1
1856,13.666985344,7.098677,-86,-5.2490234375,-830,-4.559326171875,1,1,1
1857,13.67409583,7.058418,-24,-1.46484375,-833,-4.5758056640625,1,1,1
1858,13.681332085,7.182171,6,0.3662109375,-832,-4.5703125,1,1,1
1859,13.68867334,7.312549,35,2.13623046875,-829,-4.5538330078125,1,1,1
1860,13.695859255,7.145145,89,5.43212890625,-820,-4.50439453125,1,1,1
1861,13.703166395,7.245376,113,6.89697265625,-813,-4.4659423828125,1,1,1
1862,13.710348278,7.156025,156,9.521484375,-795,-4.3670654296875,1,1,1
1863,13.717590165,7.215581,175,10.68115234375,-785,-4.3121337890625,1,1,1
1864,13.724693738,7.078963,209,12.75634765625,-761,-4.1802978515625,1,1,1
1865,13.73199163,7.27485,224,13.671875,-749,-4.1143798828125,1,1,1
1866,13.739345141,7.261473,237,14.46533203125,-721,-3.9605712890625,1,1,1
1867,13.746601045,7.229566,247,15.07568359375,-707,-3.8836669921875,1,1,1
1868,13.753788977,7.16409,256,15.625,-678,-3.724365234375,1,1,1
1869,13.761035216,7.222462,252,15.380859375,-664,-3.6474609375,1,1,1
1870,13.76814647,7.086036,248,15.13671875,-650,-3.570556640625,1,1,1
1871,13.775270301,7.05317,240,14.6484375,-623,-3.4222412109375,1,1,1
1872,13.78252899,7.205021,236,14.404296875,-610,-3.350830078125,1,1,1
1873,13.789729786,7.164794,231,14.09912109375,-584,-3.2080078125,1,1,1
1874,13.797065184,7.286307,224,13.671875,-572,-3.14208984375,1,1,1
1875,13.804356482,7.265248,204,12.451171875,-549,-3.0157470703125,1,1,1
1876,13.811426966,7.045458,192,11.71875,-539,-2.9608154296875,1,1,1
1877,13.818589135,7.137144,160,9.765625,-521,-2.8619384765625,1,1,1
1878,13.825718727,7.105046,150,9.1552734375,-513,-2.8179931640625,1,1,1
1879,13.833093263,7.291459,130,7.9345703125,-506,-2.779541015625,1,1,1
1880,13.840270666,7.139576,79,4.82177734375,-497,-2.7301025390625,1,1,1
1881,13.84752497,7.225854,48,2.9296875,-495,-2.7191162109375,1,1,1
1882,13.854935509,7.377961,-15,-0.91552734375,-496,-2.724609375,1,1,1
1883,13.86219631,7.233919,-41,-2.50244140625,-499,-2.7410888671875,1,1,1
1884,13.869380145,7.158137,-107,-6.53076171875,-511,-2.8070068359375,1,1,1
1885,13.876630001,7.224958,-141,-8.60595703125,-520,-2.8564453125,1,1,1
1886,13.884019418,7.361799,-210,-12.8173828125,-543,-2.9827880859375,1,1,1
1887,13.8912879,7.232447,-240,-14.6484375,-557,-3.0596923828125,1,1,1
1888,13.898522362,7.206396,-298,-18.1884765625,-590,-3.240966796875,1,1,1
1889,13.905844863,7.264513,-333,-20.32470703125,-609,-3.3453369140625,1,1,1
1890,13.913135298,7.214333,-359,-21.91162109375,-650,-3.570556640625,1,1,1
1891,13.920222582,7.06037,-358,-21.8505859375,-671,-3.6859130859375,1,1,1
1892,13.927782636,7.482544,-352,-21.484375,-691,-3.7957763671875,1,1,1
1893,13.935277053,7.464559,-330,-20.1416015625,-729,-4.0045166015625,1,1,1
1894,13.942706602,7.3642,-313,-19.10400390625,-746,-4.097900390625,1,1,1
1895,13.949905414,7.17081,-252,-15.380859375,-776,-4.2626953125,1,1,1
1896,13.957054591,7.084693,-212,-12.939453125,-788,-4.32861328125,1,1,1
1897,13.964157332,7.080116,-139,-8.48388671875,-805,-4.4219970703125,1,1,1
1898,13.971277035,7.092949,-109,-6.65283203125,-811,-4.4549560546875,1,1,1
1899,13.978538283,7.237439,-25,-1.52587890625,-815,-4.4769287109375,1,1,1
1900,13.985810541,7.24576,12,0.732421875,-814,-4.471435546875,1,1,1
1901,13.993019914,7.178011,72,4.39453125,-806,-4.427490234375,1,1,1
1902,14.000105086,7.058579,99,6.04248046875,-800,-4.39453125,1,1,1
1903,14.00726924,7.140217,126,7.6904296875,-792,-4.3505859375,1,1,1
1904,14.01440728,7.111735,176,10.7421875,-773,-4.2462158203125,1,1,1
1905,14.021653967,7.161978,195,11.90185546875,-762,-4.185791015625,1,1,1
1906,14.028822089,7.145656,219,13.36669921875,-737,-4.0484619140625,1,1,1
1907,14.036165136,7.317541,232,14.16015625,-724,-3.97705078125,1,1,1
1908,14.043607997,7.411947,251,15.31982421875,-695,-3.8177490234375,1,1,1
1909,14.050912961,7.272418,253,15.44189453125,-681,-3.7408447265625,1,1,1
1910,14.058154784,7.215069,246,15.0146484375,-652,-3.58154296875,1,1,1
1911,14.06528956,7.077908,244,14.892578125,-639,-3.5101318359375,1,1,1
1912,14.072421903,7.077427,235,14.34326171875,-612,-3.36181640625,1,1,1
1913,14.080611569,8.138654,230,14.0380859375,-599,-3.2904052734375,1,1,1
1914,14.088128516,7.220222,214,13.0615234375,-575,-3.1585693359375,1,1,1
1915,14.095419591,7.261729,203,12.39013671875,-564,-3.09814453125,1,1,1
1916,14.102625604,7.180123,174,10.6201171875,-544,-2.98828125,1,1,1
1917,14.109741754,7.066355,158,9.6435546875,-535,-2.9388427734375,1,1,1
1918,14.116873777,7.031952,147,8.97216796875,-527,-2.8948974609375,1,1,1
1919,14.124029163,7.103638,112,6.8359375,-515,-2.8289794921875,1,1,1
1920,14.131295724,7.215038,87,5.31005859375,-510,-2.801513671875,1,1,1
1921,14.138570829,7.243455,37,2.25830078125,-506,-2.779541015625,1,1,1
1922,14.145824173,7.189307,11,0.67138671875,-506,-2.779541015625,1,0,1
1923,14.153133137,7.252704,-33,-2.01416015625,-509,-2.7960205078125,1,1,1
1924,14.160397586,7.238463,-56,-3.41796875,-513,-2.8179931640625,1,1,1
1925,14.167782235,7.360999,-99,-6.04248046875,-525,-2.8839111328125,1,1,1
1926,14.174975575,7.167738,-120,-7.32421875,-532,-2.92236328125,1,1,1
1927,14.182292508,7.290179,-161,-9.82666015625,-550,-3.021240234375,1,1,1
1928,14.1896096,7.285602,-177,-10.80322265625,-561,-3.0816650390625,1,1,1
1929,14.196889474,7.25392,-191,-11.65771484375,-572,-3.14208984375,1,1,1
1930,14.204115456,7.199228,-224,-13.671875,-597,-3.2794189453125,1,1,1
1931,14.211249304,7.064755,-240,-14.6484375,-611,-3.3563232421875,1,1,1
1932,14.218500824,7.194396,-266,-16.2353515625,-641,-3.5211181640625,1,1,1
1933,14.225697044,7.166874,-270,-16.4794921875,-657,-3.6090087890625,1,1,1
1934,14.232945268,7.195388,-259,-15.80810546875,-687,-3.7738037109375,1,1,1
1935,14.240128655,7.151289,-254,-15.5029296875,-701,-3.8507080078125,1,1,1
1936,14.247396496,7.214685,-244,-14.892578125,-729,-4.0045166015625,1,1,1
1937,14.254555913,7.104277,-229,-13.97705078125,-742,-4.075927734375,1,1,1
1938,14.261697282,7.118039,-192,-11.71875,-764,-4.19677734375,1,1,1
1939,14.268816696,7.095093,-171,-10.43701171875,-773,-4.2462158203125,1,1,1
1940,14.275905869,7.063603,-154,-9.3994140625,-782,-4.295654296875,1,1,1
1941,14.283044293,7.083348,-109,-6.65283203125,-794,-4.361572265625,1,1,1
1942,14.290160347,7.064691,-85,-5.18798828125,-799,-4.3890380859375,1,1,1
1943,14.29730738,7.096501,-38,-2.3193359375,-803,-4.4110107421875,1,1,1
1944,14.30464889,7.236223,-14,-0.8544921875,-804,-4.41650390625,1,1,1
1945,14.312015842,7.343751,32,1.953125,-801,-4.4000244140625,1,1,1
1946,14.319211966,7.138584,56,3.41796875,-797,-4.3780517578125,1,1,1
1947,14.326451069,7.214077,79,4.82177734375,-792,-4.3505859375,1,1,1
1948,14.333758145,7.280514,117,7.14111328125,-779,-4.2791748046875,1,1,1
1949,14.341010049,7.185147,135,8.23974609375,-771,-4.2352294921875,1,1,1
1950,14.348286114,7.243423,172,10.498046875,-752,-4.130859375,1,1,1
1951,14.355630505,7.288707,187,11.41357421875,-741,-4.0704345703125,1,1,1
1952,14.362885673,7.224606,218,13.3056640625,-717,-3.9385986328125,1,1,1
1953,14.370187437,7.275202,231,14.09912109375,-704,-3.8671875,1,1,1
1954,14.377459694,7.246111,252,15.380859375,-676,-3.71337890625,1,1,1
1955,14.384599014,7.111958,255,15.56396484375,-661,-3.6309814453125,1,1,1
1956,14.391870247,7.246399,253,15.44189453125,-633,-3.4771728515625,1,1,1
1957,14.399156714,7.184987,254,15.5029296875,-618,-3.394775390625,1,1,1
1958,14.406314979,7.102645,256,15.625,-590,-3.240966796875,1,1,1
1959,14.413430329,7.089652,248,15.13671875,-576,-3.1640625,1,1,1
1960,14.420545168,7.091765,235,14.34326171875,-563,-3.0926513671875,1,1,1
1961,14.427773326,7.206493,200,12.20703125,-540,-2.96630859375,1,1,1
1962,14.43508293,7.28317,182,11.1083984375,-530,-2.911376953125,1,1,1
1963,14.442260973,7.146969,136,8.30078125,-514,-2.823486328125,1,1,1
1964,14.449385924,7.098069,114,6.9580078125,-508,-2.79052734375,1,1,1
1965,14.456509019,7.099829,46,2.8076171875,-502,-2.757568359375,1,1,1
1966,14.463744122,7.181243,12,0.732421875,-502,-2.757568359375,1,0,1
1967,14.470946806,7.176539,-27,-1.64794921875,-504,-2.7685546875,1,1,1
1968,14.478131729,7.163193,-112,-6.8359375,-516,-2.83447265625,1,1,1
1969,14.48519738,7.041201,-154,-9.3994140625,-525,-2.8839111328125,1,1,1
1970,14.492393248,7.132439,-239,-14.58740234375,-552,-3.0322265625,1,1,1
1971,14.499502422,7.08706,-274,-16.7236328125,-568,-3.1201171875,1,1,1
1972,14.506765303,7.235231,-355,-21.66748046875,-607,-3.3343505859375,1,1,1
1973,14.513895822,7.073171,-380,-23.193359375,-629,-3.4552001953125,1,1,1
1974,14.521071305,7.121783,-394,-24.0478515625,-674,-3.702392578125,1,1,1
1975,14.528222754,7.129464,-387,-23.62060546875,-696,-3.8232421875,1,1,1
1976,14.535535846,7.268417,-379,-23.13232421875,-717,-3.9385986328125,1,1,1
1977,14.542757252,7.192092,-346,-21.1181640625,-758,-4.163818359375,1,1,1
1978,14.5499039,7.12095,-309,-18.85986328125,-775,-4.2572021484375,1,1,1
1979,14.557164701,7.235935,-229,-13.97705078125,-803,-4.4110107421875,1,1,1
1980,14.564297365,7.075188,-188,-11.474609375,-813,-4.4659423828125,1,1,1
1981,14.571483888,7.135768,-96,-5.859375,-826,-4.537353515625,1,1,1
1982,14.578606503,7.101205,-42,-2.5634765625,-827,-4.5428466796875,1,1,1
1983,14.585884905,7.168986,46,2.8076171875,-823,-4.5208740234375,1,1,1
1984,14.592991679,7.084437,90,5.4931640625,-818,-4.493408203125,1,1,1
1985,14.600193179,7.153081,131,7.99560546875,-810,-4.449462890625,1,1,1
1986,14.607443227,7.183963,204,12.451171875,-788,-4.32861328125,1,1,1
1987,14.614539664,7.071699,241,14.70947265625,-774,-4.251708984375,1,1,1
1988,14.621778639,7.217022,289,17.63916015625,-741,-4.0704345703125,1,1,1
1989,14.629001805,7.19846,309,18.85986328125,-724,-3.97705078125,1,1,1
1990,14.636186792,7.162426,340,20.751953125,-685,-3.7628173828125,1,1,1
1991,14.643422951,7.207133,342,20.8740234375,-666,-3.658447265625,1,1,1
1992,14.650526012,7.077459,339,20.69091796875,-627,-3.4442138671875,1,1,1
1993,14.657721016,7.171194,336,20.5078125,-608,-3.33984375,1,1,1
1994,14.664791436,7.045234,329,20.08056640625,-590,-3.240966796875,1,1,1
1995,14.672063597,7.214301,312,19.04296875,-554,-3.043212890625,1,1,1
1996,14.679393651,7.250624,291,17.76123046875,-538,-2.955322265625,1,1,1
1997,14.68652337,7.063699,241,14.70947265625,-510,-2.801513671875,1,1,1
1998,14.693623007,7.075795,215,13.12255859375,-498,-2.735595703125,1,1,1
1999,14.700846269,7.201532,140,8.544921875,-481,-2.6422119140625,1,1,1
2000,14.708072315,7.200412,100,6.103515625,-476,-2.61474609375,1,1,1
2001,14.715199315,7.076148,4,0.244140625,-475,-2.6092529296875,1,1,1
2002,14.722385678,7.129175,-44,-2.685546875,-478,-2.625732421875,1,1,1
2003,14.729481955,7.040817,-91,-5.55419921875,-484,-2.65869140625,1,1,1
2004,14.73665875,7.155994,-198,-12.0849609375,-505,-2.7740478515625,1,1,1
2005,14.743990883,7.300355,-246,-15.0146484375,-519,-2.8509521484375,1,1,1
2006,14.751186879,7.167578,-328,-20.01953125,-556,-3.05419921875,1,1,1
2007,14.758337304,7.126167,-365,-22.27783203125,-577,-3.1695556640625,1,1,1
2008,14.765478672,7.084148,-417,-25.45166015625,-624,-3.427734375,1,1,1
2009,14.772759922,7.183323,-428,-26.123046875,-649,-3.5650634765625,1,1,1
2010,14.779914379,7.097717,-402,-24.5361328125,-696,-3.8232421875,1,1,1
2011,14.787210319,7.170139,-386,-23.5595703125,-718,-3.944091796875,1,1,1
2012,14.794294275,7.060627,-366,-22.3388671875,-738,-4.053955078125,1,1,1
2013,14.801431419,7.086229,-296,-18.06640625,-774,-4.251708984375,1,1,1
2014,14.808677178,7.193276,-256,-15.625,-788,-4.32861328125,1,1,1
2015,14.81587391,7.170106,-160,-9.765625,-808,-4.4384765625,1,1,1
2016,14.8230324,7.10735,-115,-7.01904296875,-814,-4.471435546875,1,1,1
2017,14.830252045,7.163257,-24,-1.46484375,-819,-4.4989013671875,1,1,1
2018,14.83757141,7.25968,19,1.15966796875,-817,-4.4879150390625,1,1,1
2019,14.844774383,7.138936,99,6.04248046875,-807,-4.4329833984375,1,1,1
2020,14.85187898,7.076627,134,8.1787109375,-799,-4.3890380859375,1,1,1
2021,14.858965593,7.062323,166,10.1318359375,-789,-4.3341064453125,1,1,1
2022,14.866159925,7.123287,229,13.97705078125,-764,-4.19677734375,1,1,1
2023,14.873330671,7.143833,256,15.625,-749,-4.1143798828125,1,1,1
2024,14.880600176,7.237567,299,18.24951171875,-716,-3.93310546875,1,1,1
2025,14.887883794,7.220734,319,19.47021484375,-697,-3.8287353515625,1,1,1
2026,14.895181781,7.274401,329,20.08056640625,-660,-3.62548828125,1,1,1
2027,14.902291467,7.086196,333,20.32470703125,-641,-3.5211181640625,1,1,1
2028,14.909414402,7.063954,326,19.8974609375,-604,-3.31787109375,1,1,1
2029,14.916540601,7.074643,323,19.71435546875,-586,-3.218994140625,1,1,1
2030,14.92374431,7.153561,311,18.98193359375,-568,-3.1201171875,1,1,1
2031,14.931245384,7.475568,276,16.845703125,-536,-2.9443359375,1,1,1
2032,14.938881763,7.550613,251,15.31982421875,-523,-2.8729248046875,1,1,1
2033,14.946162981,7.21427,202,12.3291015625,-499,-2.7410888671875,1,1,1
2034,14.953439303,7.242528,174,10.6201171875,-490,-2.691650390625,1,1,1
2035,14.960750987,7.243968,109,6.65283203125,-477,-2.6202392578125,1,1,1
2036,14.968109106,7.325445,75,4.57763671875,-474,-2.603759765625,1,1,1
2037,14.975394869,7.253024,-2,-0.1220703125,-473,-2.5982666015625,1,1,1
2038,14.98269116,7.264225,-39,-2.38037109375,-476,-2.61474609375,1,1,1
2039,14.989915638,7.194972,-113,-6.89697265625,-489,-2.6861572265625,1,1,1
2040,14.997199416,7.257728,-153,-9.33837890625,-498,-2.735595703125,1,1,1
2041,15.004355441,7.128247,-237,-14.46533203125,-524,-2.87841796875,1,1,1
2042,15.011640116,7.259073,-275,-16.78466796875,-540,-2.96630859375,1,1,1
2043,15.01904515,7.315652,-313,-19.10400390625,-558,-3.065185546875,1,1,1
2044,15.026339393,7.268161,-395,-24.10888671875,-602,-3.306884765625,1,1,1
2045,15.033702697,7.33367,-422,-25.7568359375,-626,-3.438720703125,1,1,1
2046,15.041196026,7.405099,-430,-26.2451171875,-675,-3.7078857421875,1,1,1
2047,15.048531904,7.286946,-419,-25.57373046875,-699,-3.8397216796875,1,1,1
2048,15.055813058,7.188539,-406,-24.7802734375,-745,-4.0924072265625,1,1,1
2049,15.063120294,7.224702,-380,-23.193359375,-767,-4.2132568359375,1,1,1
2050,15.070411433,7.221086,-302,-18.4326171875,-803,-4.4110107421875,1,1,1
2051,15.077704076,7.234271,-263,-16.05224609375,-817,-4.4879150390625,1,1,1
2052,15.084915369,7.187196,-167,-10.19287109375,-838,-4.603271484375,1,1,1
2053,15.092219309,7.245248,-122,-7.4462890625,-844,-4.63623046875,1,1,1
2054,15.099405384,7.134552,-15,-0.91552734375,-847,-4.6527099609375,1,1,1
2055,15.106612357,7.151897,28,1.708984375,-845,-4.6417236328125,1,1,1
2056,15.11373878,7.074292,110,6.7138671875,-834,-4.581298828125,1,1,1
2057,15.1208741,7.086357,147,8.97216796875,-825,-4.5318603515625,1,1,1
2058,15.128075536,7.147385,182,11.1083984375,-814,-4.471435546875,1,1,1
2059,15.135340433,7.241599,247,15.07568359375,-787,-4.3231201171875,1,1,1
2060,15.142766045,7.368136,269,16.41845703125,-771,-4.2352294921875,1,1,1
2061,15.150170216,7.282626,315,19.22607421875,-736,-4.04296875,1,1,1
2062,15.15750347,7.304292,334,20.3857421875,-716,-3.93310546875,1,1,1
2063,15.164704522,7.170714,359,21.91162109375,-676,-3.71337890625,1,1,1
2064,15.171965163,7.205789,359,21.91162109375,-656,-3.603515625,0,1,1
2065,15.179111619,7.095349,356,21.728515625,-615,-3.3782958984375,1,1,1
2066,15.186239515,7.081236,356,21.728515625,-595,-3.2684326171875,0,1,1
2067,15.193472217,7.183643,336,20.5078125,-557,-3.0596923828125,1,1,1
2068,15.200713656,7.190907,318,19.4091796875,-539,-2.9608154296875,1,1,1
2069,15.207806637,7.042865,296,18.06640625,-522,-2.867431640625,1,1,1
2070,15.214919011,7.06181,240,14.6484375,-494,-2.713623046875,1,1,1
2071,15.222040314,7.071059,212,12.939453125,-483,-2.6531982421875,1,1,1
2072,15.229185459,7.091189,140,8.544921875,-466,-2.559814453125,1,1,1
2073,15.236486102,7.248064,94,5.7373046875,-461,-2.5323486328125,1,1,1
2074,15.243831517,7.225791,-5,-0.30517578125,-461,-2.5323486328125,1,0,1
2075,15.251134496,7.239775,-61,-3.72314453125,-465,-2.5543212890625,1,1,1
2076,15.258255575,7.094037,-163,-9.94873046875,-483,-2.6531982421875,1,1,1
2077,15.265531641,7.220446,-220,-13.427734375,-496,-2.724609375,1,1,1
2078,15.27263771,7.049329,-275,-16.78466796875,-512,-2.8125,1,1,1
2079,15.279833482,7.148536,-371,-22.64404296875,-553,-3.0377197265625,1,1,1
2080,15.287172625,7.282339,-422,-25.7568359375,-577,-3.1695556640625,1,1,1
2081,15.29446898,7.238047,-484,-29.541015625,-632,-3.4716796875,1,1,1
2082,15.301744117,7.251808,-487,-29.72412109375,-660,-3.62548828125,1,1,1
2083,15.308976116,7.206813,-473,-28.86962890625,-714,-3.922119140625,1,1,1
2084,15.316120268,7.08946,-457,-27.89306640625,-740,-4.06494140625,1,1,1
2085,15.32322829,7.05365,-397,-24.23095703125,-787,-4.3231201171875,1,1,1
2086,15.330405181,7.126967,-344,-20.99609375,-806,-4.427490234375,1,1,1
2087,15.337831849,7.358439,-291,-17.76123046875,-822,-4.515380859375,1,1,1
2088,15.345158894,7.255616,-175,-10.68115234375,-845,-4.6417236328125,1,1,1
2089,15.352504629,7.289571,-119,-7.26318359375,-851,-4.6746826171875,1,1,1
2090,15.359844955,7.288674,-6,-0.3662109375,-854,-4.691162109375,1,1,1
2091,15.367033879,7.135896,48,2.9296875,-850,-4.669189453125,1,1,1
2092,15.374143469,7.059027,140,8.544921875,-836,-4.59228515625,1,1,1
2093,15.381303974,7.109846,178,10.8642578125,-825,-4.5318603515625,1,1,1
2094,15.388462336,7.105846,247,15.07568359375,-798,-4.383544921875,1,1,1
2095,15.395806246,7.284514,277,16.90673828125,-782,-4.295654296875,1,1,1
2096,15.403223346,7.3586,317,19.34814453125,-746,-4.097900390625,1,1,1
2097,15.410591642,7.343014,336,20.5078125,-726,-3.988037109375,1,1,1
2098,15.418173617,7.495697,360,21.97265625,-686,-3.768310546875,1,1,1
2099,15.425481109,7.283746,366,22.3388671875,-665,-3.6529541015625,1,1,1
2100,15.432735637,7.231102,361,22.03369140625,-624,-3.427734375,1,1,1
2101,15.439908688,7.146489,364,22.216796875,-603,-3.3123779296875,1,1,1
2102,15.44713915,7.20358,360,21.97265625,-583,-3.2025146484375,1,1,1
2103,15.45427175,7.11151,346,21.1181640625,-543,-2.9827880859375,1,1,1
2104,15.461480163,7.187196,328,20.01953125,-525,-2.8839111328125,1,1,1
2105,15.468672927,7.171643,274,16.7236328125,-493,-2.7081298828125,1,1,1
2106,15.475886108,7.192412,255,15.56396484375,-480,-2.63671875,1,1,1
2107,15.483092185,7.155642,197,12.02392578125,-457,-2.5103759765625,1,1,1
2108,15.490224208,7.113366,164,10.009765625,-448,-2.4609375,1,1,1
2109,15.497357096,7.083636,90,5.4931640625,-437,-2.4005126953125,1,1,1
2110,15.504486559,7.108342,51,3.11279296875,-435,-2.3895263671875,1,1,1
2111,15.511614582,7.077523,14,0.8544921875,-435,-2.3895263671875,1,0,1
2112,15.518779856,7.14652,-48,-2.9296875,-441,-2.4224853515625,1,1,1
2113,15.526043057,7.176314,-82,-5.0048828125,-446,-2.449951171875,1,1,1
2114,15.533305938,7.242623,-149,-9.09423828125,-463,-2.5433349609375,1,1,1
2115,15.540627991,7.298467,-186,-11.3525390625,-474,-2.603759765625,1,1,1
2116,15.547886679,7.185435,-261,-15.93017578125,-503,-2.7630615234375,1,1,1
2117,15.555104821,7.162682,-296,-18.06640625,-520,-2.8564453125,1,1,1
2118,15.562304113,7.178458,-357,-21.78955078125,-560,-3.076171875,1,1,1
2119,15.569552561,7.186171,-397,-24.23095703125,-583,-3.2025146484375,1,1,1
2120,15.57662282,7.048689,-438,-26.7333984375,-608,-3.33984375,1,1,1
2121,15.583811776,7.167258,-459,-28.01513671875,-660,-3.62548828125,1,1,1
2122,15.590878963,7.013871,-456,-27.83203125,-686,-3.768310546875,1,1,1
2123,15.598013067,7.114135,-432,-26.3671875,-736,-4.04296875,1,1,1
2124,15.605129665,7.065715,-416,-25.390625,-759,-4.1693115234375,1,1,1
2125,15.612258424,7.106901,-344,-20.99609375,-800,-4.39453125,1,1,1
2126,15.61944546,7.100117,-295,-18.00537109375,-816,-4.482421875,1,1,1
2127,15.626566219,7.072148,-246,-15.0146484375,-830,-4.559326171875,1,1,1
2128,15.633656063,7.03048,-146,-8.9111328125,-848,-4.658203125,1,1,1
2129,15.640877437,7.20134,-91,-5.55419921875,-852,-4.68017578125,1,1,1
2130,15.648104091,7.168154,22,1.3427734375,-851,-4.6746826171875,1,1,1
2131,15.655209233,7.082516,72,4.39453125,-847,-4.6527099609375,1,1,1
2132,15.662333768,7.075188,157,9.58251953125,-830,-4.559326171875,1,1,1
2133,15.669478272,7.123575,198,12.0849609375,-818,-4.493408203125,1,1,1
2134,15.676637882,7.109206,276,16.845703125,-787,-4.3231201171875,1,1,1
2135,15.683841175,7.18406,300,18.310546875,-770,-4.229736328125,1,1,1
2136,15.691095351,7.230719,323,19.71435546875,-751,-4.1253662109375,1,1,1
2137,15.698204781,7.088277,360,21.97265625,-710,-3.900146484375,1,1,1
2138,15.705286209,7.062323,373,22.76611328125,-689,-3.7847900390625,1,1,1
2139,15.712451739,7.082196,373,22.76611328125,-646,-3.548583984375,0,1,1
2140,15.719540079,7.067027,370,22.5830078125,-625,-3.4332275390625,1,1,1
2141,15.726677191,7.084244,358,21.8505859375,-584,-3.2080078125,1,1,1
2142,15.733898885,7.202909,352,21.484375,-565,-3.1036376953125,1,1,1
2143,15.741289935,7.341351,342,20.8740234375,-546,-2.999267578125,1,1,1
2144,15.748631861,7.277218,301,18.37158203125,-511,-2.8070068359375,1,1,1
2145,15.75584309,7.187355,270,16.4794921875,-496,-2.724609375,1,1,1
2146,15.763047023,7.150777,210,12.8173828125,-472,-2.5927734375,1,1,1
2147,15.770146052,7.078804,178,10.8642578125,-462,-2.537841796875,1,1,1
2148,15.77764607,7.445806,95,5.79833984375,-451,-2.4774169921875,1,1,1
2149,15.785065537,7.364584,46,2.8076171875,-449,-2.4664306640625,1,1,1
2150,15.792531889,7.388906,-55,-3.35693359375,-454,-2.493896484375,1,1,1
2151,15.799978398,7.36852,-103,-6.28662109375,-461,-2.5323486328125,1,1,1
2152,15.807437229,7.360712,-202,-12.3291015625,-482,-2.647705078125,1,1,1
2153,15.81473704,7.261568,-254,-15.5029296875,-497,-2.7301025390625,1,1,1
2154,15.822011506,7.237599,-352,-21.484375,-536,-2.9443359375,1,1,1
2155,15.829386747,7.311588,-394,-24.0478515625,-559,-3.0706787109375,1,1,1
2156,15.836741218,7.320293,-475,-28.99169921875,-612,-3.36181640625,1,1,1
2157,15.844228819,7.435469,-485,-29.60205078125,-640,-3.515625,1,1,1
2158,15.851796393,7.518163,-476,-29.052734375,-694,-3.812255859375,1,1,1
2159,15.85925692,7.404587,-463,-28.25927734375,-721,-3.9605712890625,1,1,1
2160,15.866445459,7.146712,-407,-24.84130859375,-769,-4.2242431640625,1,1,1
2161,15.873864319,7.382985,-362,-22.0947265625,-789,-4.3341064453125,1,1,1
2162,15.881220006,7.321156,-254,-15.5029296875,-820,-4.50439453125,1,1,1
2163,15.888544844,7.293987,-196,-11.962890625,-831,-4.5648193359375,1,1,1
2164,15.89586168,7.28829,-139,-8.48388671875,-838,-4.603271484375,1,1,1
2165,15.903142162,7.20294,-17,-1.03759765625,-842,-4.625244140625,1,1,1
2166,15.910424724,7.253472,37,2.25830078125,-840,-4.6142578125,1,1,1
2167,15.917755994,7.305316,139,8.48388671875,-825,-4.5318603515625,1,1,1
2168,15.925049597,7.267233,181,11.04736328125,-814,-4.471435546875,1,1,1
2169,15.932273723,7.184891,262,15.9912109375,-786,-4.317626953125,1,1,1
2170,15.939477656,7.147929,295,18.00537109375,-769,-4.2242431640625,1,1,1
2171,15.946860769,7.321669,350,21.3623046875,-730,-4.010009765625,1,1,1
2172,15.954081567,7.167354,366,22.3388671875,-709,-3.8946533203125,1,1,1
2173,15.961269946,7.159065,385,23.49853515625,-665,-3.6529541015625,1,1,1
2174,15.968427668,7.103926,386,23.5595703125,-643,-3.5321044921875,1,1,1
2175,15.975541546,7.060274,379,23.13232421875,-600,-3.2958984375,1,1,1
2176,15.982875056,7.275042,371,22.64404296875,-579,-3.1805419921875,1,1,1
2177,15.989955908,7.028849,363,22.15576171875,-558,-3.065185546875,1,1,1
2178,15.997257831,7.195868,328,20.01953125,-521,-2.8619384765625,1,1,1
2179,16.004379934,7.070675,305,18.61572265625,-504,-2.7685546875,1,1,1
2180,16.011508886,7.062131,250,15.2587890625,-475,-2.6092529296875,1,1,1
2181,16.018635405,7.103734,229,13.97705078125,-463,-2.5433349609375,1,1,1
2182,16.02581428,7.121527,151,9.21630859375,-444,-2.43896484375,1,1,1
2183,16.032997411,7.160122,113,6.89697265625,-439,-2.4114990234375,1,1,1
2184,16.040394925,7.347559,65,3.96728515625,-436,-2.39501953125,1,1,1
2185,16.047782039,7.315429,-20,-1.220703125,-437,-2.4005126953125,1,1,1
2186,16.05503007,7.22211,-64,-3.90625,-442,-2.427978515625,1,1,1
2187,16.062296919,7.204924,-146,-8.9111328125,-458,-2.515869140625,1,1,1
2188,16.069432879,7.11487,-195,-11.90185546875,-470,-2.581787109375,1,1,1
2189,16.076590249,7.10495,-280,-17.08984375,-500,-2.74658203125,1,1,1
2190,16.083760131,7.147161,-318,-19.4091796875,-519,-2.8509521484375,1,1,1
2191,16.091014083,7.149689,-385,-23.49853515625,-562,-3.087158203125,1,1,1
2192,16.098326727,7.291075,-424,-25.87890625,-587,-3.2244873046875,1,1,1
2193,16.105420028,7.071123,-453,-27.64892578125,-638,-3.504638671875,1,1,1
2194,16.112515697,7.040689,-443,-27.03857421875,-663,-3.6419677734375,1,1,1
2195,16.119650729,7.112822,-430,-26.2451171875,-688,-3.779296875,1,1,1
2196,16.126988367,7.221886,-387,-23.62060546875,-733,-4.0264892578125,1,1,1
2197,16.134468543,7.429965,-354,-21.6064453125,-753,-4.1363525390625,1,1,1
2198,16.141803429,7.289827,-265,-16.17431640625,-785,-4.3121337890625,1,1,1
2199,16.149036292,7.150041,-214,-13.0615234375,-797,-4.3780517578125,1,1,1
2200,16.156211166,7.151545,-107,-6.53076171875,-811,-4.4549560546875,1,1,1
2201,16.163499745,7.235295,-56,-3.41796875,-814,-4.471435546875,1,1,1
2202,16.170567412,7.046834,50,3.0517578125,-810,-4.449462890625,1,1,1
2203,16.177724429,7.105686,97,5.92041015625,-804,-4.41650390625,1,1,1
2204,16.184821858,7.03032,172,10.498046875,-785,-4.3121337890625,1,1,1
2205,16.191947065,7.071443,213,13.00048828125,-773,-4.2462158203125,1,1,1
2206,16.199142165,7.173274,243,14.83154296875,-758,-4.163818359375,1,1,1
2207,16.206369812,7.172379,301,18.37158203125,-725,-3.9825439453125,1,1,1
2208,16.213499499,7.10735,320,19.53125,-706,-3.878173828125,1,1,1
2209,16.220639587,7.08802,346,21.1181640625,-667,-3.6639404296875,1,1,1
2210,16.227890435,7.228766,348,21.240234375,-647,-3.5540771484375,1,1,1
2211,16.235187878,7.23331,353,21.54541015625,-607,-3.3343505859375,1,1,1
2212,16.242505227,7.295075,348,21.240234375,-588,-3.22998046875,1,1,1
2213,16.249726729,7.151897,335,20.44677734375,-549,-3.0157470703125,1,1,1
2214,16.256896483,7.14332,317,19.34814453125,-532,-2.92236328125,1,1,1
2215,16.264127746,7.175995,294,17.9443359375,-515,-2.8289794921875,1,1,1
2216,16.271254649,7.075508,233,14.22119140625,-488,-2.6806640625,1,1,1
2217,16.27835867,7.03512,208,12.6953125,-477,-2.6202392578125,1,1,1
2218,16.285511559,7.09106,146,8.9111328125,-459,-2.5213623046875,1,1,1
2219,16.292616477,7.056722,103,6.28662109375,-454,-2.493896484375,1,1,1
2220,16.299806489,7.168442,19,1.15966796875,-451,-2.4774169921875,1,1,1
2221,16.306863339,7.006959,-27,-1.64794921875,-453,-2.4884033203125,1,1,1
2222,16.314058535,7.146105,-67,-4.08935546875,-457,-2.5103759765625,1,1,1
2223,16.321294822,7.21539,-147,-8.97216796875,-473,-2.5982666015625,1,1,1
2224,16.328450303,7.103541,-191,-11.65771484375,-485,-2.6641845703125,1,1,1
2225,16.335574614,7.076051,-267,-16.29638671875,-515,-2.8289794921875,1,1,1
2226,16.342707374,7.112374,-300,-18.310546875,-532,-2.92236328125,1,1,1
2227,16.349805667,7.039921,-362,-22.0947265625,-573,-3.1475830078125,1,1,1
2228,16.357006015,7.151513,-389,-23.74267578125,-595,-3.2684326171875,1,1,1
2229,16.3641606,7.135255,-410,-25.0244140625,-619,-3.4002685546875,1,1,1
2230,16.371431194,7.185884,-399,-24.35302734375,-665,-3.6529541015625,1,1,1
2231,16.378675833,7.186555,-384,-23.4375,-687,-3.7738037109375,1,1,1
2232,16.38591356,7.216253,-341,-20.81298828125,-727,-3.9935302734375,1,1,1
2233,16.393212764,7.240192,-313,-19.10400390625,-745,-4.0924072265625,1,1,1
2234,16.400429177,7.158009,-228,-13.916015625,-772,-4.24072265625,1,1,1
2235,16.407580562,7.128471,-184,-11.23046875,-782,-4.295654296875,1,1,1
2236,16.414841075,7.207709,-93,-5.67626953125,-795,-4.3670654296875,1,1,1
2237,16.421972042,7.08002,-46,-2.8076171875,-797,-4.3780517578125,1,1,1
2238,16.429168774,7.175322,47,2.86865234375,-793,-4.3560791015625,1,1,1
2239,16.436411974,7.190908,87,5.31005859375,-787,-4.3231201171875,1,1,1
2240,16.443545021,7.084436,122,7.4462890625,-780,-4.28466796875,1,1,1
2241,16.450688118,7.122263,188,11.474609375,-760,-4.1748046875,1,1,1
2242,16.457801836,7.064627,218,13.3056640625,-747,-4.1033935546875,1,1,1
2243,16.464904289,7.013167,268,16.357421875,-717,-3.9385986328125,1,1,1
2244,16.472090333,7.16681,288,17.578125,-700,-3.84521484375,1,1,1
2245,16.479167953,7.027825,307,18.73779296875,-665,-3.6529541015625,1,1,1
2246,16.48630308,7.08802,309,18.85986328125,-648,-3.5595703125,1,1,1
2247,16.493434432,7.110454,312,19.04296875,-630,-3.460693359375,1,1,1
2248,16.500653214,7.156762,312,19.04296875,-594,-3.262939453125,0,1,1
2249,16.507766484,7.091797,308,18.798828125,-577,-3.1695556640625,1,1,1
2250,16.514874538,7.087573,285,17.39501953125,-544,-2.98828125,1,1,1
2251,16.521956606,7.060723,265,16.17431640625,-529,-2.9058837890625,1,1,1
2252,16.529081909,7.102838,218,13.3056640625,-504,-2.7685546875,1,1,1
2253,16.536251951,7.105205,191,11.65771484375,-494,-2.713623046875,1,1,1
2254,16.543474413,7.163546,165,10.07080078125,-485,-2.6641845703125,1,1,1
2255,16.550680682,7.179771,107,6.53076171875,-472,-2.5927734375,1,1,1
2256,16.557959436,7.176635,63,3.84521484375,-469,-2.5762939453125,1,1,1
2257,16.565085891,7.078804,-20,-1.220703125,-470,-2.581787109375,1,1,1
2258,16.572310785,7.203388,-64,-3.90625,-475,-2.6092529296875,1,1,1
2259,16.579530783,7.200732,-143,-8.72802734375,-490,-2.691650390625,1,1,1
2260,16.586825986,7.268449,-190,-11.5966796875,-501,-2.7520751953125,1,1,1
2261,16.593981019,7.103573,-276,-16.845703125,-532,-2.92236328125,1,1,1
2262,16.601085329,7.085044,-314,-19.1650390625,-550,-3.021240234375,1,1,1
2263,16.608196551,7.090421,-347,-21.17919921875,-592,-3.251953125,1,1,1
2264,16.615323422,7.077171,-397,-24.23095703125,-615,-3.3782958984375,1,1,1
2265,16.622558173,7.185915,-406,-24.7802734375,-638,-3.504638671875,1,1,1
2266,16.629638833,7.058066,-390,-23.8037109375,-684,-3.75732421875,1,1,1
2267,16.636708996,7.049169,-372,-22.705078125,-705,-3.8726806640625,1,1,1
2268,16.643860733,7.101717,-322,-19.6533203125,-743,-4.0814208984375,1,1,1
2269,16.651140479,7.197532,-286,-17.4560546875,-759,-4.1693115234375,1,1,1
2270,16.658290552,7.129655,-203,-12.39013671875,-783,-4.3011474609375,1,1,1
2271,16.665468787,7.158649,-152,-9.27734375,-792,-4.3505859375,1,1,1
2272,16.672532166,7.010511,-108,-6.591796875,-797,-4.3780517578125,1,1,1
2273,16.67978647,7.201212,-25,-1.52587890625,-802,-4.405517578125,1,1,1
2274,16.687056839,7.247199,14,0.8544921875,-800,-4.39453125,1,1,1
2275,16.694398254,7.283299,91,5.55419921875,-791,-4.3450927734375,1,1,1
2276,16.701582985,7.120759,124,7.568359375,-783,-4.3011474609375,1,1,1
2277,16.708706464,7.077684,178,10.8642578125,-764,-4.19677734375,1,1,1
2278,16.715863769,7.136312,207,12.63427734375,-752,-4.130859375,1,1,1
2279,16.722944941,7.013103,242,14.7705078125,-725,-3.9825439453125,1,1,1
2280,16.730080997,7.086644,255,15.56396484375,-710,-3.900146484375,1,1,1
2281,16.737209181,7.10415,265,16.17431640625,-695,-3.8177490234375,1,1,1
2282,16.7443397,7.067027,278,16.9677734375,-663,-3.6419677734375,1,1,1
2283,16.75152776,7.13436,272,16.6015625,-648,-3.5595703125,1,1,1
2284,16.758772047,7.194428,265,16.17431640625,-617,-3.3892822265625,1,1,1
2285,16.765995853,7.203549,259,15.80810546875,-603,-3.3123779296875,1,1,1
2286,16.773287856,7.226462,238,14.5263671875,-575,-3.1585693359375,1,1,1
2287,16.780548657,7.204701,227,13.85498046875,-563,-3.0926513671875,1,1,1
2288,16.787737324,7.16553,186,11.3525390625,-541,-2.9718017578125,1,1,1
2289,16.794956074,7.151033,167,10.19287109375,-532,-2.92236328125,1,1,1
2290,16.802117316,7.107382,145,8.85009765625,-524,-2.87841796875,1,1,1
2291,16.809232154,7.095061,101,6.16455078125,-512,-2.8125,1,1,1
2292,16.816352593,7.098773,76,4.638671875,-509,-2.7960205078125,1,1,1
2293,16.823561134,7.156922,9,0.54931640625,-507,-2.7850341796875,1,1,1
2294,16.830776043,7.138168,-22,-1.3427734375,-509,-2.7960205078125,1,1,1
2295,16.838074543,7.247936,-84,-5.126953125,-517,-2.8399658203125,1,1,1
2296,16.84537077,7.233887,-112,-6.8359375,-524,-2.87841796875,1,1,1
2297,16.852807455,7.346535,-170,-10.3759765625,-543,-2.9827880859375,1,1,1
2298,16.860077696,7.231326,-204,-12.451171875,-555,-3.0487060546875,1,1,1
2299,16.867378916,7.233023,-232,-14.16015625,-584,-3.2080078125,1,1,1
2300,16.874666598,7.199068,-291,-17.76123046875,-601,-3.3013916015625,1,1,1
2301,16.881942216,7.243552,-313,-19.10400390625,-619,-3.4002685546875,1,1,1
2302,16.88908624,7.112694,-332,-20.263671875,-657,-3.6090087890625,1,1,1
2303,16.896460713,7.31402,-331,-20.20263671875,-676,-3.71337890625,1,1,1
2304,16.903834418,7.309732,-312,-19.04296875,-712,-3.9111328125,1,1,1
2305,16.91115007,7.282242,-300,-18.310546875,-729,-4.0045166015625,1,1,1
2306,16.918263853,7.084885,-242,-14.7705078125,-758,-4.163818359375,1,1,1
2307,16.925392196,7.10159,-205,-12.51220703125,-769,-4.2242431640625,1,1,1
2308,16.932705,7.214621,-130,-7.9345703125,-786,-4.317626953125,1,1,1
2309,16.939875299,7.112247,-90,-5.4931640625,-791,-4.3450927734375,1,1,1
2310,16.947107873,7.176955,-11,-0.67138671875,-793,-4.3560791015625,1,1,1
2311,16.954276475,7.109078,28,1.708984375,-791,-4.3450927734375,1,1,1
2312,16.961635299,7.333318,66,4.0283203125,-787,-4.3231201171875,1,1,1
2313,16.96886957,7.203453,129,7.87353515625,-773,-4.2462158203125,1,1,1
2314,16.976025147,7.098901,155,9.46044921875,-764,-4.19677734375,1,1,1
2315,16.983498123,7.415212,205,12.51220703125,-741,-4.0704345703125,1,1,1
2316,16.990892949,7.328358,225,13.73291015625,-728,-3.9990234375,1,1,1
2317,16.998268606,7.337158,252,15.380859375,-700,-3.84521484375,1,1,1
2318,17.005592771,7.266209,260,15.869140625,-685,-3.7628173828125,1,1,1
2319,17.012901255,7.247328,263,16.05224609375,-655,-3.5980224609375,1,1,1
2320,17.020186665,7.257056,257,15.68603515625,-640,-3.515625,1,1,1
2321,17.027481772,7.214493,251,15.31982421875,-611,-3.3563232421875,1,1,1
2322,17.03461002,7.100214,246,15.0146484375,-597,-3.2794189453125,1,1,1
2323,17.041729338,7.091476,228,13.916015625,-571,-3.1365966796875,1,1,1
2324,17.048899733,7.146809,214,13.0615234375,-559,-3.0706787109375,1,1,1
2325,17.056003658,7.078676,196,11.962890625,-549,-3.0157470703125,1,1,1
2326,17.063150307,7.091349,154,9.3994140625,-531,-2.9168701171875,1,1,1
2327,17.070451142,7.230078,135,8.23974609375,-523,-2.8729248046875,1,1,1
2328,17.077562876,7.083796,89,5.43212890625,-513,-2.8179931640625,1,1,1
2329,17.084702165,7.116311,60,3.662109375,-510,-2.801513671875,1,1,1
2330,17.091841741,7.116759,-2,-0.1220703125,-510,-2.801513671875,1,0,1
2331,17.099040745,7.173563,-32,-1.953125,-512,-2.8125,1,1,1
2332,17.106276808,7.210525,-61,-3.72314453125,-516,-2.83447265625,1,1,1
2333,17.113406591,7.107926,-116,-7.080078125,-529,-2.9058837890625,1,1,1
2334,17.120713091,7.246911,-148,-9.033203125,-538,-2.955322265625,1,1,1
2335,17.127933953,7.195804,-207,-12.63427734375,-561,-3.0816650390625,1,1,1
2336,17.135224356,7.239743,-238,-14.5263671875,-575,-3.1585693359375,1,1,1
2337,17.142602669,7.345287,-288,-17.578125,-608,-3.33984375,1,1,1
2338,17.149797833,7.15993,-309,-18.85986328125,-625,-3.4332275390625,1,1,1
2339,17.157062794,7.238975,-317,-19.34814453125,-662,-3.636474609375,1,1,1
2340,17.164357389,7.269825,-312,-19.04296875,-680,-3.7353515625,1,1,1
2341,17.171510534,7.126583,-291,-17.76123046875,-713,-3.9166259765625,1,1,1
2342,17.178782823,7.246911,-271,-16.54052734375,-729,-4.0045166015625,1,1,1
2343,17.185972931,7.166874,-244,-14.892578125,-743,-4.0814208984375,1,1,1
2344,17.193262598,7.264641,-174,-10.6201171875,-764,-4.19677734375,1,1,1
2345,17.200703827,7.386985,-138,-8.4228515625,-772,-4.24072265625,1,1,1
2346,17.207941522,7.206397,-59,-3.60107421875,-780,-4.28466796875,1,1,1
2347,17.215143087,7.131352,-20,-1.220703125,-781,-4.2901611328125,1,1,1
2348,17.222290791,7.092628,49,2.99072265625,-776,-4.2626953125,1,1,1
2349,17.229447937,7.131736,83,5.06591796875,-771,-4.2352294921875,1,1,1
2350,17.236690112,7.215613,137,8.36181640625,-756,-4.15283203125,1,1,1
2351,17.243820408,7.107094,153,9.33837890625,-747,-4.1033935546875,1,1,1
2352,17.250956656,7.110134,177,10.80322265625,-737,-4.0484619140625,1,1,1
2353,17.258149067,7.16681,206,12.5732421875,-713,-3.9166259765625,1,1,1
2354,17.265391243,7.215006,222,13.5498046875,-701,-3.8507080078125,1,1,1
2355,17.272516002,7.101398,243,14.83154296875,-673,-3.6968994140625,1,1,1
2356,17.279729151,7.188091,246,15.0146484375,-659,-3.6199951171875,1,1,1
2357,17.287096903,7.341926,247,15.07568359375,-631,-3.4661865234375,1,1,1
2358,17.294442606,7.307044,250,15.2587890625,-617,-3.3892822265625,1,1,1
2359,17.301627337,7.158585,251,15.31982421875,-589,-3.2354736328125,1,1,1
2360,17.30883751,7.13868,247,15.07568359375,-575,-3.1585693359375,1,1,1
2361,17.315978303,7.117271,227,13.85498046875,-549,-3.0157470703125,1,1,1
2362,17.323140088,7.136216,215,13.12255859375,-537,-2.9498291015625,1,1,1
2363,17.330413946,7.24864,203,12.39013671875,-526,-2.889404296875,1,1,1
2364,17.337510223,7.071699,179,10.92529296875,-506,-2.779541015625,1,1,1
2365,17.344700683,7.131992,167,10.19287109375,-497,-2.7301025390625,1,1,1
2366,17.352011055,7.253088,121,7.38525390625,-484,-2.65869140625,1,1,1
2367,17.359259055,7.221886,93,5.67626953125,-479,-2.6312255859375,1,1,1
2368,17.366541489,7.257537,44,2.685546875,-474,-2.603759765625,1,1,1
2369,17.373866998,7.264929,17,1.03759765625,-473,-2.5982666015625,1,1,1
2370,17.38119558,7.269218,-42,-2.5634765625,-478,-2.625732421875,1,1,1
2371,17.388285712,7.064307,-77,-4.69970703125,-483,-2.6531982421875,1,1,1
2372,17.395441609,7.100789,-147,-8.97216796875,-499,-2.7410888671875,1,1,1
2373,17.402709771,7.201757,-180,-10.986328125,-510,-2.801513671875,1,1,1
2374,17.409871844,7.13692,-213,-13.00048828125,-522,-2.867431640625,1,1,1
2375,17.417195657,7.281986,-276,-16.845703125,-553,-3.0377197265625,1,1,1
2376,17.424288254,7.067443,-302,-18.4326171875,-570,-3.131103515625,1,1,1
2377,17.431408629,7.095349,-366,-22.3388671875,-611,-3.3563232421875,1,1,1
2378,17.438706136,7.243807,-378,-23.0712890625,-632,-3.4716796875,1,1,1
2379,17.446048095,7.29754,-370,-22.5830078125,-675,-3.7078857421875,1,1,1
2380,17.453364003,7.259776,-356,-21.728515625,-695,-3.8177490234375,1,1,1
2381,17.46062234,7.231071,-323,-19.71435546875,-732,-4.02099609375,1,1,1
2382,17.467856035,7.207037,-292,-17.822265625,-749,-4.1143798828125,1,1,1
2383,17.475139269,7.256065,-247,-15.07568359375,-762,-4.185791015625,1,1,1
2384,17.482416807,7.24944,-159,-9.70458984375,-782,-4.295654296875,1,1,1
2385,17.489659782,7.211453,-108,-6.591796875,-788,-4.32861328125,1,1,1
2386,17.497002189,7.209149,-22,-1.3427734375,-792,-4.3505859375,1,1,1
2387,17.504298544,7.262465,20,1.220703125,-790,-4.339599609375,1,1,1
2388,17.511533199,7.168698,119,7.26318359375,-778,-4.273681640625,1,1,1
2389,17.518829842,7.272482,152,9.27734375,-769,-4.2242431640625,1,1,1
2390,17.525997964,7.145752,219,13.36669921875,-745,-4.0924072265625,1,1,1
2391,17.533153349,7.129655,247,15.07568359375,-731,-4.0155029296875,1,1,1
2392,17.540408902,7.229823,299,18.24951171875,-698,-3.834228515625,1,1,1
2393,17.547523836,7.091861,310,18.9208984375,-680,-3.7353515625,1,1,1
2394,17.554846433,7.268481,319,19.47021484375,-661,-3.6309814453125,1,1,1
2395,17.561975449,7.071668,335,20.44677734375,-624,-3.427734375,1,1,1
2396,17.569260123,7.225438,344,20.99609375,-604,-3.31787109375,1,1,1
2397,17.576430325,7.11519,352,21.484375,-564,-3.09814453125,1,1,1
2398,17.583531531,7.076724,350,21.3623046875,-545,-2.9937744140625,1,1,1
2399,17.590932597,7.300515,321,19.59228515625,-508,-2.79052734375,1,1,1
2400,17.598418246,7.445326,301,18.37158203125,-491,-2.6971435546875,1,1,1
2401,17.605894486,7.416844,265,16.17431640625,-461,-2.5323486328125,1,1,1
2402,17.613320578,7.388618,239,14.58740234375,-448,-2.4609375,1,1,1
2403,17.620565858,7.209437,177,10.80322265625,-427,-2.3455810546875,1,1,1
2404,17.627989806,7.3618,141,8.60595703125,-420,-2.30712890625,1,1,1
2405,17.636085066,8.048537,59,3.60107421875,-412,-2.26318359375,1,1,1
2406,17.643867951,7.733218,22,1.3427734375,-412,-2.26318359375,1,0,1
2407,17.651614802,7.696959,-71,-4.33349609375,-419,-2.3016357421875,1,1,1
2408,17.659046783,7.303876,-121,-7.38525390625,-427,-2.3455810546875,1,1,1
2409,17.666379301,7.293059,-226,-13.7939453125,-451,-2.4774169921875,1,1,1
2410,17.67350742,7.096437,-278,-16.9677734375,-467,-2.5653076171875,1,1,1
2411,17.680700056,7.164538,-366,-22.3388671875,-508,-2.79052734375,1,1,1
2412,17.688432058,7.642012,-396,-24.169921875,-531,-2.9168701171875,1,1,1
2413,17.696006737,7.523891,-455,-27.77099609375,-582,-3.197021484375,1,1,1
2414,17.703257617,7.195548,-482,-29.4189453125,-610,-3.350830078125,1,1,1
2415,17.710545875,7.213437,-472,-28.80859375,-664,-3.6474609375,1,1,1
2416,17.717824245,7.214365,-451,-27.52685546875,-690,-3.790283203125,1,1,1
2417,17.72494062,7.057266,-377,-23.01025390625,-734,-4.031982421875,1,1,1
2418,17.732200141,7.198493,-341,-20.81298828125,-753,-4.1363525390625,1,1,1
2419,17.739619896,7.34919,-240,-14.6484375,-783,-4.3011474609375,1,1,1
2420,17.746888378,7.239199,-181,-11.04736328125,-793,-4.3560791015625,1,1,1
2421,17.754234624,7.284578,-126,-7.6904296875,-799,-4.3890380859375,1,1,1
2422,17.761440669,7.178939,-22,-1.3427734375,-803,-4.4110107421875,1,1,1
2423,17.768620888,7.125463,22,1.3427734375,-802,-4.405517578125,1,1,1
2424,17.775951454,7.273346,124,7.568359375,-789,-4.3341064453125,1,1,1
2425,17.783174108,7.134552,164,10.009765625,-779,-4.2791748046875,1,1,1
2426,17.790296595,7.097397,235,14.34326171875,-753,-4.1363525390625,1,1,1
2427,17.797428234,7.073491,268,16.357421875,-737,-4.0484619140625,1,1,1
2428,17.804627271,7.144793,325,19.83642578125,-701,-3.8507080078125,1,1,1
2429,17.811859237,7.210653,342,20.8740234375,-681,-3.7408447265625,1,1,1
2430,17.819489952,7.59948,360,21.97265625,-640,-3.515625,1,1,1
2431,17.827132476,7.579575,365,22.27783203125,-619,-3.4002685546875,1,1,1
2432,17.834533799,7.312741,372,22.705078125,-577,-3.1695556640625,1,1,1
2433,17.841836938,7.22979,371,22.64404296875,-556,-3.05419921875,1,1,1
2434,17.849125805,7.256992,350,21.3623046875,-516,-2.83447265625,1,1,1
2435,17.856503798,7.343111,325,19.83642578125,-498,-2.735595703125,1,1,1
2436,17.863868286,7.273378,270,16.4794921875,-467,-2.5653076171875,1,1,1
2437,17.871197732,7.265281,249,15.19775390625,-453,-2.4884033203125,1,1,1
2438,17.878475941,7.14556,217,13.24462890625,-441,-2.4224853515625,1,1,1
2439,17.885836301,7.298019,138,8.4228515625,-425,-2.3345947265625,1,1,1
2440,17.893217334,7.322661,90,5.4931640625,-420,-2.30712890625,1,1,1
2441,17.900546172,7.256673,-7,-0.42724609375,-420,-2.30712890625,1,0,1
2442,17.907914564,7.307236,-63,-3.84521484375,-424,-2.3291015625,1,1,1
2443,17.915123713,7.156697,-162,-9.8876953125,-441,-2.4224853515625,1,1,1
2444,17.922412004,7.236991,-218,-13.3056640625,-454,-2.493896484375,1,1,1
2445,17.929564093,7.096789,-317,-19.34814453125,-489,-2.6861572265625,1,1,1
2446,17.936984457,7.358472,-358,-21.8505859375,-510,-2.801513671875,1,1,1
2447,17.944157283,7.102933,-416,-25.390625,-557,-3.0596923828125,1,1,1
2448,17.951279162,7.067955,-440,-26.85546875,-582,-3.197021484375,1,1,1
2449,17.958439348,7.10495,-465,-28.38134765625,-635,-3.4881591796875,1,1,1
2450,17.965536265,7.044561,-451,-27.52685546875,-660,-3.62548828125,1,1,1
2451,17.973019161,7.324389,-432,-26.3671875,-685,-3.7628173828125,1,1,1
2452,17.980346463,7.247232,-360,-21.97265625,-728,-3.9990234375,1,1,1
2453,17.987728296,7.315525,-319,-19.47021484375,-745,-4.0924072265625,1,1,1
2454,17.994940869,7.13868,-217,-13.24462890625,-773,-4.2462158203125,1,1,1
2455,18.002030106,7.064051,-160,-9.765625,-781,-4.2901611328125,1,1,1
2456,18.009232247,7.178011,-54,-3.2958984375,-789,-4.3341064453125,1,1,1
2457,18.016607807,7.30506,-3,-0.18310546875,-789,-4.3341064453125,1,0,1
2458,18.0239826,7.294339,86,5.2490234375,-781,-4.2901611328125,1,1,1
2459,18.031249065,7.207357,121,7.38525390625,-773,-4.2462158203125,1,1,1
2460,18.038388225,7.114998,195,11.90185546875,-752,-4.130859375,1,1,1
2461,18.045485366,7.075667,227,13.85498046875,-738,-4.053955078125,1,1,1
2462,18.052735702,7.191163,252,15.380859375,-724,-3.97705078125,1,1,1
2463,18.059942067,7.140632,295,18.00537109375,-690,-3.790283203125,1,1,1
2464,18.067225814,7.196637,307,18.73779296875,-673,-3.6968994140625,1,1,1
2465,18.074366446,7.114647,319,19.47021484375,-636,-3.49365234375,1,1,1
2466,18.08148314,7.063154,321,19.59228515625,-618,-3.394775390625,1,1,1
2467,18.088699554,7.148217,322,19.6533203125,-581,-3.1915283203125,1,1,1
2468,18.096033096,7.30826,318,19.4091796875,-563,-3.0926513671875,1,1,1
2469,18.103234436,7.137816,292,17.822265625,-530,-2.911376953125,1,1,1
2470,18.110353723,7.094741,268,16.357421875,-515,-2.8289794921875,1,1,1
2471,18.117482962,7.107798,245,14.95361328125,-501,-2.7520751953125,1,1,1
2472,18.124642604,7.098645,200,12.20703125,-478,-2.625732421875,1,1,1
2473,18.131915981,7.220701,169,10.31494140625,-469,-2.5762939453125,1,1,1
2474,18.139287702,7.30442,92,5.615234375,-458,-2.515869140625,1,1,1
2475,18.146500531,7.184059,46,2.8076171875,-456,-2.5048828125,1,1,1
2476,18.153634827,7.110646,-52,-3.173828125,-460,-2.52685546875,1,1,1
2477,18.160802085,7.115062,-91,-5.55419921875,-466,-2.559814453125,1,1,1
2478,18.168142604,7.285251,-173,-10.55908203125,-485,-2.6641845703125,1,1,1
2479,18.175802824,7.590712,-212,-12.939453125,-498,-2.735595703125,1,1,1
2480,18.18304996,7.162266,-281,-17.15087890625,-529,-2.9058837890625,1,1,1
2481,18.19015283,7.074708,-304,-18.5546875,-547,-3.0047607421875,1,1,1
2482,18.197468066,7.290339,-321,-19.59228515625,-565,-3.1036376953125,1,1,1
2483,18.204559511,7.035825,-340,-20.751953125,-604,-3.31787109375,1,1,1
2484,18.211935808,7.321157,-347,-21.17919921875,-624,-3.427734375,1,1,1
2485,18.219092345,7.130615,-318,-19.4091796875,-661,-3.6309814453125,1,1,1
2486,18.226337913,7.183579,-292,-17.822265625,-678,-3.724365234375,1,1,1
2487,18.233456111,7.064914,-230,-14.0380859375,-706,-3.878173828125,1,1,1
2488,18.240592199,7.112534,-196,-11.962890625,-717,-3.9385986328125,1,1,1
2489,18.247774659,7.126872,-121,-7.38525390625,-732,-4.02099609375,1,1,1
2490,18.255164908,7.307428,-81,-4.94384765625,-736,-4.04296875,1,1,1
2491,18.262480177,7.2464,-6,-0.3662109375,-738,-4.053955078125,1,1,1
2492,18.269680365,7.175802,29,1.77001953125,-736,-4.04296875,1,1,1
2493,18.276893067,7.18934,60,3.662109375,-733,-4.0264892578125,1,1,1
2494,18.284005985,7.058322,119,7.26318359375,-720,-3.955078125,1,1,1
2495,18.291319461,7.260416,142,8.6669921875,-712,-3.9111328125,1,1,1
2496,18.298715536,7.364712,181,11.04736328125,-692,-3.80126953125,1,1,1
2497,18.30591006,7.164506,202,12.3291015625,-680,-3.7353515625,1,1,1
2498,18.313049284,7.114391,222,13.5498046875,-655,-3.5980224609375,1,1,1
2499,18.320169467,7.096598,226,13.7939453125,-642,-3.526611328125,1,1,1
2500,18.327461469,7.239103,236,14.404296875,-615,-3.3782958984375,1,1,1
2501,18.335004402,7.519443,239,14.58740234375,-602,-3.306884765625,1,1,1
2502,18.342303221,7.236351,237,14.46533203125,-574,-3.153076171875,1,1,1
2503,18.349542357,7.160954,231,14.09912109375,-561,-3.0816650390625,1,1,1
2504,18.356677484,7.107861,223,13.61083984375,-549,-3.0157470703125,1,1,1
2505,18.363808964,7.077044,191,11.65771484375,-527,-2.8948974609375,1,1,1
2506,18.370983007,7.122071,180,10.986328125,-517,-2.8399658203125,1,1,1
2507,18.378311428,7.219998,141,8.60595703125,-501,-2.7520751953125,1,1,1
2508,18.38552797,7.177851,120,7.32421875,-494,-2.713623046875,1,1,1
2509,18.392645016,7.062226,60,3.662109375,-487,-2.6751708984375,1,1,1
2510,18.399879799,7.198908,30,1.8310546875,-485,-2.6641845703125,1,1,1
2511,18.407080051,7.17625,-28,-1.708984375,-488,-2.6806640625,1,1,1
2512,18.414376983,7.240768,-54,-3.2958984375,-492,-2.70263671875,1,1,1
2513,18.421696444,7.230879,-80,-4.8828125,-497,-2.7301025390625,1,1,1
2514,18.428859925,7.133335,-130,-7.9345703125,-511,-2.8070068359375,1,1,1
2515,18.436173658,7.258113,-149,-9.09423828125,-520,-2.8564453125,1,1,1
2516,18.443418009,7.155833,-190,-11.5966796875,-541,-2.9718017578125,1,1,1
2517,18.450555697,7.08306,-213,-13.00048828125,-554,-3.043212890625,1,1,1
2518,18.457892727,7.277761,-239,-14.58740234375,-581,-3.1915283203125,1,1,1
2519,18.464993773,7.071539,-253,-15.44189453125,-596,-3.27392578125,1,1,1
2520,18.472095042,7.043633,-270,-16.4794921875,-626,-3.438720703125,1,1,1
2521,18.479235323,7.075988,-265,-16.17431640625,-642,-3.526611328125,1,1,1
2522,18.486424278,7.165402,-257,-15.68603515625,-656,-3.603515625,1,1,1
2523,18.493777885,7.297923,-216,-13.18359375,-682,-3.746337890625,1,1,1
2524,18.500981018,7.126327,-191,-11.65771484375,-692,-3.80126953125,1,1,1
2525,18.508110322,7.102454,-139,-8.48388671875,-709,-3.8946533203125,1,1,1
2526,18.515263883,7.099286,-106,-6.4697265625,-715,-3.9276123046875,1,1,1
2527,18.522527212,7.209341,-40,-2.44140625,-721,-3.9605712890625,1,1,1
2528,18.529678629,7.129048,-10,-0.6103515625,-721,-3.9605712890625,1,0,1
2529,18.537008874,7.206749,50,3.0517578125,-717,-3.9385986328125,1,1,1
2530,18.544254794,7.186812,79,4.82177734375,-712,-3.9111328125,1,1,1
2531,18.551377025,7.100309,126,7.6904296875,-698,-3.834228515625,1,1,1
2532,18.558514457,7.087157,143,8.72802734375,-690,-3.790283203125,1,1,1
2533,18.565673042,7.102421,163,9.94873046875,-680,-3.7353515625,1,1,1
2534,18.575829152,10.135276,188,11.474609375,-659,-3.6199951171875,1,1,1
2535,18.583128547,7.262881,199,12.14599609375,-636,-3.49365234375,1,1,1
2536,18.59025097,7.095701,203,12.39013671875,-625,-3.4332275390625,1,1,1
2537,18.597399699,7.123575,215,13.12255859375,-601,-3.3013916015625,1,1,1
2538,18.604493,7.051826,218,13.3056640625,-588,-3.22998046875,1,1,1
2539,18.611802476,7.286371,214,13.0615234375,-564,-3.09814453125,1,1,1
2540,18.619140818,7.309828,206,12.5732421875,-552,-3.0322265625,1,1,1
2541,18.626400307,7.197372,191,11.65771484375,-531,-2.9168701171875,1,1,1
2542,18.633530602,7.107254,179,10.92529296875,-521,-2.8619384765625,1,1,1
2543,18.640668418,7.082868,168,10.25390625,-512,-2.8125,1,1,1
2544,18.647887744,7.169082,133,8.11767578125,-496,-2.724609375,1,1,1
2545,18.655151937,7.241471,114,6.9580078125,-490,-2.691650390625,1,1,1
2546,18.662385376,7.169786,61,3.72314453125,-483,-2.6531982421875,1,1,1
2547,18.669522584,7.07906,31,1.89208984375,-482,-2.647705078125,1,1,1
2548,18.676718772,7.172346,-36,-2.197265625,-485,-2.6641845703125,1,1,1
2549,18.684040217,7.248992,-71,-4.33349609375,-489,-2.6861572265625,1,1,1
2550,18.691260791,7.16777,-129,-7.87353515625,-503,-2.7630615234375,1,1,1
2551,18.69841256,7.129303,-164,-10.009765625,-513,-2.8179931640625,1,1,1
2552,18.705716212,7.247296,-191,-11.65771484375,-524,-2.87841796875,1,1,1
2553,18.712943538,7.164346,-241,-14.70947265625,-551,-3.0267333984375,1,1,1
2554,18.72014171,7.17721,-252,-15.380859375,-566,-3.109130859375,1,1,1
2555,18.72741672,7.232671,-264,-16.11328125,-596,-3.27392578125,1,1,1
2556,18.734875359,7.398667,-276,-16.845703125,-612,-3.36181640625,1,1,1
2557,18.742177827,7.225919,-265,-16.17431640625,-643,-3.5321044921875,1,1,1
2558,18.74944858,7.230591,-242,-14.7705078125,-657,-3.6090087890625,1,1,1
2559,18.756583036,7.066803,-193,-11.77978515625,-680,-3.7353515625,1,1,1
2560,18.76377292,7.135064,-165,-10.07080078125,-689,-3.7847900390625,1,1,1
2561,18.770916144,7.118647,-109,-6.65283203125,-703,-3.8616943359375,1,1,1
2562,18.778301497,7.325989,-74,-4.5166015625,-707,-3.8836669921875,1,1,1
2563,18.785618238,7.243455,-7,-0.42724609375,-709,-3.8946533203125,1,1,1
2564,18.792732853,7.055699,22,1.3427734375,-707,-3.8836669921875,1,1,1
2565,18.799851403,7.091797,47,2.86865234375,-704,-3.8671875,1,1,1
2566,18.807008677,7.102422,105,6.40869140625,-693,-3.8067626953125,1,1,1
2567,18.814315785,7.25184,132,8.056640625,-685,-3.7628173828125,1,1,1
2568,18.821618124,7.197596,167,10.19287109375,-667,-3.6639404296875,1,1,1
2569,18.828886734,7.210462,182,11.1083984375,-656,-3.603515625,1,1,1
2570,18.836037607,7.125048,201,12.26806640625,-634,-3.482666015625,1,1,1
2571,18.843317609,7.225631,217,13.24462890625,-621,-3.4112548828125,1,1,1
2572,18.850448896,7.077748,237,14.46533203125,-595,-3.2684326171875,1,1,1
2573,18.857809,7.333062,240,14.6484375,-581,-3.1915283203125,1,1,1
2574,18.865092906,7.248159,240,14.6484375,-568,-3.1201171875,0,1,1
2575,18.87240043,7.237535,231,14.09912109375,-542,-2.977294921875,1,1,1
2576,18.879523333,7.098037,224,13.671875,-529,-2.9058837890625,1,1,1
2577,18.886609818,7.062547,197,12.02392578125,-506,-2.779541015625,1,1,1
2578,18.894015653,7.378697,177,10.80322265625,-497,-2.7301025390625,1,1,1
2579,18.901538168,7.466959,135,8.23974609375,-481,-2.6422119140625,1,1,1
2580,18.908782584,7.202173,109,6.65283203125,-475,-2.6092529296875,1,1,1
2581,18.916120446,7.237663,50,3.0517578125,-469,-2.5762939453125,1,1,1
2582,18.923386911,7.233215,19,1.15966796875,-468,-2.57080078125,1,1,1
2583,18.930748103,7.328742,-48,-2.9296875,-473,-2.5982666015625,1,1,1
2584,18.938209846,7.409004,-82,-5.0048828125,-478,-2.625732421875,1,1,1
2585,18.945588255,7.338631,-150,-9.1552734375,-494,-2.713623046875,1,1,1
2586,18.952851296,7.203165,-175,-10.68115234375,-504,-2.7685546875,1,1,1
2587,18.960183909,7.276738,-232,-14.16015625,-530,-2.911376953125,1,1,1
2588,18.96753262,7.318981,-250,-15.2587890625,-545,-2.9937744140625,1,1,1
2589,18.974920086,7.358824,-271,-16.54052734375,-560,-3.076171875,1,1,1
2590,18.982307776,7.347175,-294,-17.9443359375,-594,-3.262939453125,1,1,1
2591,18.98955648,7.183452,-299,-18.24951171875,-611,-3.3563232421875,1,1,1
2592,18.996895238,7.307908,-279,-17.02880859375,-644,-3.53759765625,1,1,1
2593,19.00408845,7.163802,-258,-15.7470703125,-658,-3.614501953125,1,1,1
2594,19.011454314,7.276642,-212,-12.939453125,-684,-3.75732421875,1,1,1
2595,19.018833907,7.351399,-181,-11.04736328125,-694,-3.812255859375,1,1,1
2596,19.026000621,7.131832,-112,-6.8359375,-708,-3.88916015625,1,1,1
2597,19.035019946,8.992027,-76,-4.638671875,-712,-3.9111328125,1,1,1
2598,19.042453175,7.352071,-7,-0.42724609375,-714,-3.922119140625,1,1,1
2599,19.049838752,7.345286,56,3.41796875,-709,-3.8946533203125,1,1,1
2600,19.05719124,7.316997,85,5.18798828125,-704,-3.8671875,1,1,1
2601,19.064375299,7.148665,114,6.9580078125,-697,-3.8287353515625,1,1,1
2602,19.071483737,7.081908,165,10.07080078125,-679,-3.7298583984375,1,1,1
2603,19.078769371,7.261088,188,11.474609375,-668,-3.66943359375,1,1,1
2604,19.085913236,7.118231,218,13.3056640625,-644,-3.53759765625,1,1,1
2605,19.093056428,7.116438,231,14.09912109375,-631,-3.4661865234375,1,1,1
2606,19.100407603,7.269825,257,15.68603515625,-602,-3.306884765625,1,1,1
2607,19.107732857,7.197949,263,16.05224609375,-587,-3.2244873046875,1,1,1
2608,19.114989209,7.22771,265,16.17431640625,-557,-3.0596923828125,1,1,1
2609,19.122263643,7.248512,262,15.9912109375,-542,-2.977294921875,1,1,1
2610,19.129360912,7.0733,240,14.6484375,-515,-2.8289794921875,1,1,1
2611,19.136547915,7.130999,227,13.85498046875,-502,-2.757568359375,1,1,1
2612,19.143889138,7.282658,210,12.8173828125,-490,-2.691650390625,1,1,1
2613,19.151088142,7.172762,170,10.3759765625,-471,-2.5872802734375,1,1,1
2614,19.158229863,7.117879,150,9.1552734375,-463,-2.5433349609375,1,1,1
2615,19.165568237,7.315493,86,5.2490234375,-452,-2.48291015625,1,1,1
2616,19.172843247,7.250048,52,3.173828125,-450,-2.471923828125,1,1,1
2617,19.180020233,7.149081,-21,-1.28173828125,-451,-2.4774169921875,1,1,1
2618,19.187275274,7.22275,-58,-3.5400390625,-455,-2.4993896484375,1,1,1
2619,19.194395936,7.09346,-134,-8.1787109375,-469,-2.5762939453125,1,1,1
2620,19.201735079,7.246432,-174,-10.6201171875,-480,-2.63671875,1,1,1
2621,19.20895226,7.191483,-207,-12.63427734375,-492,-2.70263671875,1,1,1
2622,19.216182659,7.207293,-263,-16.05224609375,-521,-2.8619384765625,1,1,1
2623,19.223429091,7.212926,-278,-16.9677734375,-538,-2.955322265625,1,1,1
2624,19.230531352,7.066867,-302,-18.4326171875,-572,-3.14208984375,1,1,1
2625,19.237682129,7.125879,-308,-18.798828125,-590,-3.240966796875,1,1,1
2626,19.244949138,7.207741,-309,-18.85986328125,-626,-3.438720703125,1,1,1
2627,19.252140398,7.135864,-290,-17.7001953125,-642,-3.526611328125,1,1,1
2628,19.259454291,7.284515,-242,-14.7705078125,-671,-3.6859130859375,1,1,1
2629,19.26673058,7.248767,-208,-12.6953125,-683,-3.7518310546875,1,1,1
2630,19.273848267,7.093685,-143,-8.72802734375,-700,-3.84521484375,1,1,1
2631,19.280938336,7.067315,-105,-6.40869140625,-706,-3.878173828125,1,1,1
2632,19.288071063,7.107733,-66,-4.0283203125,-709,-3.8946533203125,1,1,1
2633,19.295439744,7.281282,5,0.30517578125,-710,-3.900146484375,1,1,1
2634,19.302701185,7.230687,39,2.38037109375,-708,-3.88916015625,1,1,1
2635,19.309840121,7.11103,101,6.16455078125,-697,-3.8287353515625,1,1,1
2636,19.316943086,7.078452,129,7.87353515625,-690,-3.790283203125,1,1,1
2637,19.32404682,7.079316,177,10.80322265625,-670,-3.680419921875,1,1,1
2638,19.331189244,7.118294,192,11.71875,-659,-3.6199951171875,1,1,1
2639,19.338357014,7.14028,204,12.451171875,-647,-3.5540771484375,1,1,1
2640,19.345643929,7.25648,229,13.97705078125,-622,-3.416748046875,1,1,1
2641,19.352719565,7.049458,238,14.5263671875,-608,-3.33984375,1,1,1
2642,19.359881318,7.140024,252,15.380859375,-579,-3.1805419921875,1,1,1
2643,19.367142567,7.195964,250,15.2587890625,-565,-3.1036376953125,1,1,1
2644,19.374549746,7.357415,239,14.58740234375,-538,-2.955322265625,1,1,1
2645,19.382097895,7.440013,231,14.09912109375,-525,-2.8839111328125,1,1,1
2646,19.389486481,7.272194,207,12.63427734375,-501,-2.7520751953125,1,1,1
2647,19.396844537,7.319845,190,11.5966796875,-491,-2.6971435546875,1,1,1
2648,19.404236291,7.346663,158,9.6435546875,-473,-2.5982666015625,1,1,1
2649,19.41153351,7.261665,134,8.1787109375,-465,-2.5543212890625,1,1,1
2650,19.418881069,7.312549,83,5.06591796875,-456,-2.5048828125,1,1,1
2651,19.426177584,7.257152,52,3.173828125,-453,-2.4884033203125,1,1,1
2652,19.433396046,7.185212,-10,-0.6103515625,-454,-2.493896484375,1,1,1
2653,19.440695665,7.270337,-45,-2.74658203125,-457,-2.5103759765625,1,1,1
2654,19.44789675,7.171387,-82,-5.0048828125,-462,-2.537841796875,1,1,1
2655,19.455215059,7.291459,-148,-9.033203125,-478,-2.625732421875,1,1,1
2656,19.462475571,7.223038,-181,-11.04736328125,-489,-2.6861572265625,1,1,1
2657,19.469741012,7.233182,-236,-14.404296875,-515,-2.8289794921875,1,1,1
2658,19.47681732,7.050098,-249,-15.19775390625,-530,-2.911376953125,1,1,1
2659,19.483955808,7.057778,-274,-16.7236328125,-561,-3.0816650390625,1,1,1
2660,19.491108953,7.126455,-284,-17.333984375,-577,-3.1695556640625,1,1,1
2661,19.498283252,7.147097,-275,-16.78466796875,-610,-3.350830078125,1,1,1
2662,19.505517683,7.174107,-269,-16.41845703125,-625,-3.4332275390625,1,1,1
2663,19.512707983,7.13772,-250,-15.2587890625,-639,-3.5101318359375,1,1,1
2664,19.519949326,7.180027,-201,-12.26806640625,-663,-3.6419677734375,1,1,1
2665,19.527264883,7.257441,-170,-10.3759765625,-673,-3.6968994140625,1,1,1
2666,19.534602009,7.312101,-108,-6.591796875,-686,-3.768310546875,1,1,1
2667,19.541867162,7.232415,-76,-4.638671875,-690,-3.790283203125,1,1,1
2668,19.548961391,7.066675,-11,-0.67138671875,-692,-3.80126953125,1,1,1
2669,19.556135433,7.14876,17,1.03759765625,-691,-3.7957763671875,1,1,1
2670,19.563258881,7.09999,71,4.33349609375,-684,-3.75732421875,1,1,1
2671,19.570551268,7.235455,94,5.7373046875,-678,-3.724365234375,1,1,1
2672,19.577894442,7.233951,138,8.4228515625,-663,-3.6419677734375,1,1,1
2673,19.585123337,7.16505,151,9.21630859375,-654,-3.592529296875,1,1,1
2674,19.592237567,7.088725,164,10.009765625,-645,-3.5430908203125,1,1,1
2675,19.599390904,7.129591,187,11.41357421875,-624,-3.427734375,1,1,1
2676,19.606515983,7.099509,197,12.02392578125,-612,-3.36181640625,1,1,1
2677,19.613655528,7.114583,211,12.87841796875,-589,-3.2354736328125,1,1,1
2678,19.620983245,7.300452,213,13.00048828125,-577,-3.1695556640625,1,1,1
2679,19.628237901,7.223934,207,12.63427734375,-553,-3.0377197265625,1,1,1
2680,19.635506767,7.215006,202,12.3291015625,-542,-2.977294921875,1,1,1
2681,19.642827444,7.269474,180,10.986328125,-521,-2.8619384765625,1,1,1
2682,19.64993489,7.057907,172,10.498046875,-511,-2.8070068359375,1,1,1
2683,19.657156104,7.198141,159,9.70458984375,-502,-2.757568359375,1,1,1
2684,19.664524496,7.342503,131,7.99560546875,-488,-2.6806640625,1,1,1
2685,19.671967774,7.356136,113,6.89697265625,-482,-2.647705078125,1,1,1
2686,19.679121399,7.127864,68,4.150390625,-473,-2.5982666015625,1,1,1
2687,19.686265263,7.121271,46,2.8076171875,-471,-2.5872802734375,1,1,1
2688,19.693594837,7.27533,-14,-0.8544921875,-472,-2.5927734375,1,1,1
2689,19.700855414,7.202109,-46,-2.8076171875,-475,-2.6092529296875,1,1,1
2690,19.708135224,7.227039,-109,-6.65283203125,-487,-2.6751708984375,1,1,1
2691,19.715319763,7.158778,-142,-8.6669921875,-495,-2.7191162109375,1,1,1
2692,19.722597397,7.22019,-204,-12.451171875,-517,-2.8399658203125,1,1,1
2693,19.729890072,7.229023,-229,-13.97705078125,-531,-2.9168701171875,1,1,1
2694,19.737022,7.108406,-253,-15.44189453125,-546,-2.999267578125,1,1,1
2695,19.744128326,7.082101,-286,-17.4560546875,-578,-3.175048828125,1,1,1
2696,19.751339619,7.186716,-305,-18.61572265625,-596,-3.27392578125,1,1,1
2697,19.758628325,7.253728,-307,-18.73779296875,-631,-3.4661865234375,1,1,1
2698,19.76592004,7.208189,-292,-17.822265625,-647,-3.5540771484375,1,1,1
2699,19.773201259,7.252833,-249,-15.19775390625,-677,-3.7188720703125,1,1,1
2700,19.780449195,7.220382,-227,-13.85498046875,-690,-3.790283203125,1,1,1
2701,19.787552448,7.045969,-167,-10.19287109375,-710,-3.900146484375,1,1,1
2702,19.794920136,7.314852,-130,-7.9345703125,-717,-3.9385986328125,1,1,1
2703,19.802165032,7.186587,-60,-3.662109375,-725,-3.9825439453125,1,1,1
2704,19.809390118,7.2023,-30,-1.8310546875,-727,-3.9935302734375,1,1,1
2705,19.816729869,7.311045,0,0.0,-726,-3.988037109375,1,1,1
2706,19.823926409,7.162522,65,3.96728515625,-720,-3.955078125,1,1,1
2707,19.831178025,7.220606,95,5.79833984375,-714,-3.922119140625,1,1,1
2708,19.838551634,7.346983,143,8.72802734375,-698,-3.834228515625,1,1,1
2709,19.845817331,7.231615,163,9.94873046875,-689,-3.7847900390625,1,1,1
2710,19.852994862,7.147929,200,12.20703125,-667,-3.6639404296875,1,1,1
2711,19.860296017,7.209629,207,12.63427734375,-655,-3.5980224609375,1,1,1
2712,19.86758018,7.252544,222,13.5498046875,-630,-3.460693359375,1,1,1
2713,19.87485823,7.243168,227,13.85498046875,-617,-3.3892822265625,1,1,1
2714,19.882087924,7.197404,239,14.58740234375,-590,-3.240966796875,1,1,1
2715,19.889283728,7.135063,241,14.70947265625,-576,-3.1640625,1,1,1
2716,19.896524976,7.214878,238,14.5263671875,-563,-3.0926513671875,1,1,1
2717,19.9038966,7.310916,220,13.427734375,-537,-2.9498291015625,1,1,1
2718,19.911131287,7.210109,210,12.8173828125,-526,-2.889404296875,1,1,1
2719,19.918396824,7.242495,187,11.41357421875,-504,-2.7685546875,1,1,1
2720,19.925831269,7.406891,179,10.92529296875,-495,-2.7191162109375,1,1,1
2721,19.933063972,7.169018,149,9.09423828125,-478,-2.625732421875,1,1,1
2722,19.940295843,7.205565,121,7.38525390625,-471,-2.5872802734375,1,1,1
2723,19.94741929,7.067475,77,4.69970703125,-462,-2.537841796875,1,1,1
2724,19.954767521,7.236159,54,3.2958984375,-460,-2.52685546875,1,1,1
2725,19.962217999,7.426988,13,0.79345703125,-458,-2.515869140625,1,1,1
2726,19.969712096,7.436941,-8,-0.48828125,-459,-2.5213623046875,1,1,1
2727,19.977009668,7.213022,-56,-3.41796875,-465,-2.5543212890625,1,1,1
2728,19.984359339,7.316421,-75,-4.57763671875,-470,-2.581787109375,1,1,1
2729,19.99162542,7.236479,-121,-7.38525390625,-483,-2.6531982421875,1,1,1
2730,19.998869995,7.121847,-140,-8.544921875,-492,-2.70263671875,1,1,1
2731,20.005985954,7.05749,-164,-10.009765625,-501,-2.7520751953125,1,1,1
