iteration,register_count,transaction_ms,processing_ms,work_ms,sleep_requested_ms,period_ms,error
0,3,6.299286,0.05498,6.358906,0.0,,
1,3,6.410335,0.026626,6.438880999999999,0.0,6.376028,
2,3,6.422431,0.027298,6.451234,0.0,6.450369,
3,3,6.616814,0.040387,6.658705,0.0,6.462147,
4,3,6.501669,0.039107,6.542504,0.0,6.678547,
5,3,6.631759,0.041699,6.675314,0.0,6.56113,
6,3,6.673298,0.038755,6.713654,0.0,6.691411,
7,3,6.452098,0.028642,6.482532,0.0,6.730167,
8,3,6.482308,0.02461,6.5121340000000005,0.0,6.558666,
9,3,6.632207,0.083238,6.719638,0.0,6.525351,
10,3,7.420842,0.042275,7.467694000000001,0.0,6.735127,
11,3,6.602381,0.033539,6.63752,0.0,7.483023,
12,3,6.414239,0.019265,6.435263999999999,0.0,6.651153,
13,3,6.439009,0.017153,6.457762,0.0,6.443361,
14,3,6.454402,0.022818,6.478724,0.0,6.464931,
15,3,6.68658,0.040515,6.728759,0.0,6.488068,
16,3,6.691156,0.043075,6.735895,0.0,6.7454,
17,3,6.528903,0.024034,6.557544999999999,0.0,6.756729,
18,3,6.277269,0.056324,6.3370809999999995,0.0,6.56785,
19,3,6.437569,0.016737,6.456866000000001,0.0,6.345274,
20,3,6.529224,0.024257,6.555497000000001,0.0,6.466435,
21,3,6.724886,0.040195,6.769114,0.0,6.62363,
22,3,6.908035,0.087431,6.999947000000001,0.0,6.785147,
23,3,6.589292,0.028643,6.619599,0.0,7.017452,
24,3,6.376188,0.024706,6.404926,0.0,6.631984,
25,3,6.347546,0.021634,6.412703,0.0,6.416895,
26,3,6.616558,0.027138,6.64536,0.0,6.427136,
27,3,6.766521,0.039331,6.809852,0.0,6.657009,
28,3,6.742168,0.039234,6.785850000000001,0.0,6.826814,
29,3,6.454114,0.021698,6.480068,0.0,6.801852,
30,3,6.443234,0.019553,6.465987,0.0,6.48842,
31,3,6.364219,0.017537,6.38438,0.0,6.47338,
32,3,6.429632,0.027362,6.458882,0.0,6.391325,
33,3,6.582028,0.039107,6.622863,0.0,6.471427,
34,3,6.928069,0.037955,6.970953000000001,0.0,6.710933,
35,3,6.480772,0.020322,6.504518,0.0,6.986986,
36,3,6.290614,0.020801,6.313847,0.0,6.517479,
37,3,6.433185,0.020641,6.456418,0.0,6.321944,
38,3,6.683091,0.029346,6.716469,0.0,6.463875,
39,3,6.722326,0.040131,6.7651769999999996,0.0,6.726102,
40,3,6.782842,0.15582,6.94231,0.0,6.782939,
41,3,6.437473,0.021634,6.463779000000001,0.0,6.969928,
42,3,6.457698,0.018177,6.478244,0.0,6.472739,
43,3,6.319608,0.018657,6.340633,0.0,6.485093,
44,3,6.405086,0.059301,6.466755,0.0,6.347418,
45,3,6.901859,0.078822,6.984746,0.0,6.475683,
46,3,6.638319,0.075302,6.71903,0.0,7.001035,
47,3,6.500965,0.03165,6.538056,0.0,6.801052,
48,3,6.271092,0.020385,6.295126,0.0,6.550825,
49,3,6.423392,0.019553,6.444513,0.0,6.304951,
50,3,6.725047,0.021281,6.747928,0.0,6.454978,
51,3,6.6997,0.039267,6.740695,0.0,6.757433,
52,3,7.680317,0.0465,7.7284500000000005,0.0,6.755896,
53,3,6.784763,0.034434,6.821181,0.0,7.744867,
54,3,6.56177,0.02205,6.5858039999999995,0.0,6.834622,
55,3,6.460482,0.020386,6.482532,0.0,6.594733,
56,3,7.096658,0.089574,7.1879930000000005,0.0,6.491332,
57,3,7.169143,0.118345,7.291745,0.0,7.204506,
58,3,6.701588,0.043204,6.750041,0.0,7.310882,
59,3,6.422272,0.021825,6.448801,0.0,6.777179,
60,3,6.430016,0.018913,6.454498,0.0,6.582347,
61,3,6.399358,0.058916,6.46077,0.0,6.461699,
62,3,6.614286,0.040163,6.656465000000001,0.0,6.467747,
63,3,6.882626,0.044003,6.929734,0.0,6.674034,
64,3,6.869217,0.043491,6.9172210000000005,0.0,6.948679,
65,3,6.511814,0.024098,6.540393,0.0,6.933926,
66,3,6.367195,0.019554,6.389374,0.0,6.549769,
67,3,6.350555,0.017729,6.370299999999999,0.0,6.396606,
68,3,6.449793,0.02525,6.477412,0.0,6.377308,
69,3,6.839519,0.08183,6.923621,0.0,6.486181,
70,3,6.713077,0.046372,6.7640579999999995,0.0,6.942374,
71,3,6.491717,0.021314,6.518375,0.0,6.782683,
72,3,6.362747,0.018177,6.383485,0.0,6.526503,
73,3,6.394558,0.016417,6.413087,0.0,6.397726,
74,3,6.279221,0.018465,6.299798,0.0,6.41936,
75,3,6.715606,0.042659,6.762457,0.0,6.307895,
76,3,7.645916,0.051075,7.701375,0.0,6.780666,
77,3,6.948135,0.050404,7.002891,0.0,7.723841,
78,3,7.334788,0.048803,7.388231,0.0,7.023693,
79,3,7.000939,0.051171,7.056623,0.0,7.428714,
80,3,6.906467,0.04602,6.9578,0.0,7.080049,
81,3,7.032269,0.047012,7.0841460000000005,0.0,6.979273,
82,3,6.844672,0.045123,6.894531,0.0,7.104147,
83,3,6.861441,0.045539,6.911716,0.0,6.923109,
84,3,6.628047,0.037923,6.67093,0.0,6.93255,
85,3,6.656593,0.032194,6.691955999999999,0.0,6.688435,
86,3,6.741911,0.037155,6.783291,0.0,6.772634,
87,3,6.835903,0.047491,6.886722,0.0,6.799484,
88,3,7.939601,0.085799,8.030008,0.0,6.905764,
89,3,6.711541,0.039363,6.7554490000000005,0.0,8.055705,
90,3,6.560426,0.025698,6.587756000000001,0.0,6.770938,
91,3,6.345338,0.056836,6.403902,0.0,6.598157,
92,3,6.402334,0.07623,6.480195999999999,0.0,6.411807,
93,3,6.846047,0.08535,6.933221,0.0,6.489893,
94,3,6.802588,0.092391,6.896867,0.0,6.950983,
95,3,6.442113,0.020226,6.464290999999999,0.0,6.91322,
96,3,6.40451,0.025538,6.431776999999999,0.0,6.472931,
97,3,6.422304,0.022049,6.448385,0.0,6.443362,
98,3,6.455682,0.047172,6.504518,0.0,6.457218,
99,3,6.656625,0.040995,6.700788,0.0,6.641744,
100,3,6.480548,0.020609,6.502981,0.0,6.715766,
101,3,6.400222,0.017217,6.420863,0.0,6.510662,
102,3,6.249459,0.016097,6.267156,0.0,6.428896,
103,3,6.293046,0.027618,6.3221680000000005,0.0,6.274197,
104,3,6.408159,0.017665,6.42752,0.0,6.330104,
105,3,6.717878,0.040099,6.759481,0.0,6.434881,
106,3,6.487589,0.020961,6.512262000000001,0.0,6.774682,
107,3,6.298647,0.017185,6.317368,0.0,6.524615,
108,3,6.503077,0.01965,6.524295,0.0,6.325369,
109,3,6.354298,0.01677,6.37446,0.0,6.53252,
110,3,6.359067,0.017666,6.3782689999999995,0.0,6.382844,
111,3,6.855968,0.040131,6.897603,0.0,6.385501,
112,3,6.759289,0.038691,6.8010839999999995,0.0,6.982954,
113,3,6.537064,0.063941,6.602733000000001,0.0,6.818205,
114,3,6.561258,0.051876,6.6147339999999994,0.0,6.613646,
115,3,6.249362,0.044868,6.295958,0.0,6.623535,
116,3,6.223921,0.046372,6.2718929999999995,0.0,6.303542,
117,3,6.776218,0.038307,6.817854,0.0,6.279413,
118,3,6.610286,0.021729,6.633775,0.0,6.833023,
119,3,6.325496,0.052836,6.3819799999999995,0.0,6.642384,
120,3,6.40243,0.053028,6.45725,0.0,6.390685,
121,3,6.420896,0.050755,6.473315,0.0,6.464579,
122,3,6.323384,0.045572,6.370812,0.0,6.481572,
123,3,6.550218,0.077381,6.629167,0.0,6.378236,
124,3,6.502725,0.056517,6.560906,0.0,6.644273,
125,3,6.395102,0.054116,6.451778,0.0,6.629359,
126,3,6.397854,0.047012,6.446594,0.0,6.46093,
127,3,6.351963,0.048739,6.40963,0.0,6.458595,
128,3,6.24373,0.043268,6.288726,0.0,6.416415,
129,3,6.795804,0.075589,6.872865,0.0,6.295894,
130,3,6.528391,0.063493,6.594316,0.0,6.888675,
131,3,6.301527,0.046691,6.349754,0.0,6.604109,
132,3,6.277717,0.05466,6.333977,0.0,6.358939,
133,3,6.32028,0.099367,6.421184,0.0,6.342777,
134,3,6.333593,0.047203,6.382428,0.0,6.428705,
135,3,6.288342,0.048579,6.338521,0.0,6.389885,
136,3,6.555914,0.073253,6.6307670000000005,0.0,6.346746,
137,3,6.39475,0.065157,6.461698999999999,0.0,6.645136,
138,3,6.395646,0.046595,6.4478729999999995,0.0,6.529448,
139,3,6.269268,0.0473,6.318136,0.0,6.456578,
140,3,6.352154,0.045315,6.399229999999999,0.0,6.32572,
141,3,6.238642,0.045923,6.286453,0.0,6.405983,
142,3,6.689908,0.079366,6.770618,0.0,6.29343,
143,3,6.482884,0.054916,6.539592000000001,0.0,6.785979,
144,3,6.295574,0.019714,6.317048,0.0,6.547849,
145,3,6.338778,0.020513,6.361019,0.0,6.32476,
146,3,6.31724,0.057668,6.376924,0.0,6.371452,
147,3,6.415455,0.053828,6.471011,0.0,6.386909,
148,3,6.635312,0.078054,6.715190000000001,0.0,6.48138,
149,3,6.407263,0.046307,6.45533,0.0,6.733879,
150,3,6.216944,0.041635,6.260147,0.0,6.463843,
151,3,6.383581,0.048708,6.434785,0.0,6.326136,
152,3,6.344601,0.045764,6.392061999999999,0.0,6.442593,
153,3,6.347226,0.206863,6.5558819999999995,0.0,6.400542,
154,3,6.785115,0.039106,6.825788999999999,0.0,6.564011,
155,3,6.468867,0.019489,6.49018,0.0,6.840511,
156,3,6.555402,0.026274,6.583276,0.0,6.499045,
157,3,6.466403,0.056452,6.525991,0.0,6.594797,
158,3,6.510214,0.022914,6.5348239999999995,0.0,6.535144,
159,3,6.536712,0.021185,6.5595289999999995,0.0,6.546473,
160,3,6.689492,0.038659,6.729751,0.0,6.569802,
161,3,6.85296,0.073797,6.928389,0.0,6.744184,
162,3,6.654577,0.066917,6.723286,0.0,6.945639,
163,3,6.433216,0.05034,6.485316,0.0,6.737335,
164,3,6.443682,0.045827,6.492037,0.0,6.553097,
165,3,6.275957,0.051779,6.3292720000000005,0.0,6.499718,
166,3,6.792219,0.076454,6.870369,0.0,6.336281,
167,3,6.634704,0.038755,6.675187,0.0,6.88653,
168,3,6.835743,0.038626,6.876161000000001,0.0,6.689716,
169,3,6.658609,0.040995,6.701587999999999,0.0,6.894019,
170,3,6.761305,0.040419,6.803548,0.0,6.720438,
171,3,6.536649,0.02877,6.567371,0.0,6.822877,
172,3,6.347162,0.061604,6.410622,0.0,6.578668,
173,3,6.325273,0.051172,6.378237,0.0,6.421599,
174,3,6.393981,0.047748,6.443232999999999,0.0,6.39171,
175,3,6.389277,0.047651,6.438913,0.0,6.451841,
176,3,6.543657,0.040579,6.585708,0.0,6.446914,
177,3,6.592588,0.060485,6.656657,0.0,6.665138,
178,3,6.386909,0.051876,6.440385,0.0,6.666226,
179,3,6.375965,0.0513,6.428833,0.0,6.449505,
180,3,6.338362,0.047811,6.387837,0.0,6.437697,
181,3,6.411967,0.057444,6.471011,0.0,6.395486,
182,3,6.532744,0.029122,6.563402,0.0,6.478852,
183,3,6.436,0.058501,6.496357000000001,0.0,6.612366,
184,3,6.461026,0.017922,6.480708,0.0,6.507142,
185,3,6.265748,0.109384,6.3766359999999995,0.0,6.489444,
186,3,6.296855,0.017057,6.315576,0.0,6.386173,
187,3,6.302134,0.019138,6.322841,0.0,6.323416,
188,3,6.570186,0.052004,6.625711,0.0,6.332185,
189,3,6.354427,0.019361,6.375484,0.0,6.637296,
190,3,6.343802,0.068965,6.415647,0.0,6.445538,
191,3,6.452546,0.058309,6.512423,0.0,6.424767,
192,3,6.295286,0.048803,6.347417999999999,0.0,6.520583,
193,3,6.252371,0.043875,6.297782,0.0,6.354811,
194,3,7.780101,0.052484,7.834249,0.0,6.305015,
195,3,6.651345,0.03677,6.6929479999999995,0.0,7.85441,
196,3,6.464643,0.025345,6.493381,0.0,6.707733,
197,3,6.451489,0.039267,6.494021,0.0,6.50455,
198,3,6.335994,0.021409,6.360251,0.0,6.506022,
199,3,6.457858,0.020258,6.480356,0.0,6.368636,
200,3,6.587148,0.898179,7.487728,0.0,6.488356,
201,3,6.671602,0.041411,6.7175899999999995,0.0,7.509073,
202,3,6.577483,0.040195,6.621423,0.0,6.737975,
203,3,6.517479,0.026882,6.550376999999999,0.0,6.710614,
204,3,6.387293,0.02269,6.414143,0.0,6.560746,
205,3,6.38486,0.02381,6.410718999999999,0.0,6.423327,
206,3,6.524775,0.032803,6.560138,0.0,6.42096,
207,3,7.086642,0.033858,7.123764,0.0,6.574475,
208,3,6.489957,0.025826,6.520647,0.0,7.138421,
209,3,6.354619,0.020161,6.377308,0.0,6.530952,
210,3,6.42496,0.017729,6.444737,0.0,6.386461,
211,3,6.413727,0.018274,6.434177,0.0,6.454338,
212,3,6.347866,0.037955,6.387869,0.0,6.441409,
213,3,6.599181,0.033507,6.636144,0.0,6.412511,
214,3,6.50231,0.022977,6.528071,0.0,6.648593,
215,3,6.409727,0.02429,6.438369,0.0,6.53684,
216,3,6.337434,0.018817,6.359802999999999,0.0,6.508742,
217,3,6.364667,0.017314,6.384093,0.0,6.367452,
218,3,6.370236,0.025282,6.398814,0.0,6.391069,
219,3,6.662706,0.07847,6.743576,0.0,6.409951,
220,3,6.51111,0.022306,6.53636,0.0,6.758073,
221,3,6.471075,0.020258,6.4935089999999995,0.0,6.546313,
222,3,6.325624,0.048484,6.376669,0.0,6.502245,
223,3,6.416448,0.021569,6.440193000000001,0.0,6.386365,
224,3,6.467459,0.067717,6.579435,0.0,6.447938,
225,3,6.714262,0.035906,6.75324,0.0,6.588652,
226,3,6.468163,0.052164,6.522983000000001,0.0,6.769466,
227,3,6.391997,0.019874,6.414015,0.0,6.53204,
228,3,6.436609,0.017889,6.458946,0.0,6.548073,
229,3,6.381725,0.019617,6.404702,0.0,6.524007,
230,3,6.447842,0.020065,6.470243,0.0,6.412799,
231,3,6.749112,0.034211,6.7880270000000005,0.0,6.479236,
232,3,6.44381,0.023553,6.470466999999999,0.0,6.843359,
233,3,6.461283,0.065381,6.52932,0.0,6.48186,
234,3,6.400062,0.02317,6.428097,0.0,6.548809,
235,3,6.436032,0.022242,6.460867,0.0,6.439265,
236,3,6.533448,0.02429,6.5603299999999996,0.0,6.470948,
237,3,6.705589,0.036002,6.744535,0.0,6.571051,
238,3,6.53076,0.020354,6.554186,0.0,6.75692,
239,3,6.479588,0.026242,6.508166999999999,0.0,6.562186,
240,3,6.414591,0.020353,6.4371849999999995,0.0,6.520007,
241,3,6.389789,0.021506,6.4135670000000005,0.0,6.445858,
242,3,6.452194,0.020034,6.475556,0.0,6.4801,
243,3,6.662642,0.028226,6.693236,0.0,6.48378,
244,3,6.64344,0.032547,6.678707,0.0,6.703189,
245,3,6.58446,0.021409,6.609005000000001,0.0,6.691412,
246,3,6.395646,0.021601,6.419583,0.0,6.618254,
247,3,6.204432,0.017473,6.224432999999999,0.0,6.428416,
248,3,6.361019,0.024098,6.387325,0.0,6.232114,
249,3,6.924165,0.035298,6.962184,0.0,6.397021,
250,3,6.778682,0.035747,6.81955,0.0,6.975561,
251,3,6.574027,0.027906,6.604940999999999,0.0,6.833055,
252,3,6.284918,0.061284,6.3485700000000005,0.0,6.615406,
253,3,6.262516,0.055524,6.32188,0.0,6.440641,
254,3,6.417023,0.05034,6.469539,0.0,6.329241,
255,3,6.39891,0.05514,6.4575700000000005,0.0,6.536136,
256,3,6.603437,0.074214,6.680211,0.0,6.467011,
257,3,6.759544,0.083655,6.847264,0.0,6.696916,
258,3,6.609198,0.029986,6.643696,0.0,6.865121,
259,3,6.354138,0.02397,6.380796999999999,0.0,6.657649,
260,3,6.372412,0.021314,6.396446,0.0,6.391262,
261,3,6.483333,0.068965,6.55473,0.0,6.40691,
262,3,6.648305,0.082534,6.733719,0.0,6.567691,
263,3,6.743128,0.076934,6.823837999999999,0.0,6.751,
264,3,6.678579,0.07975,6.762809,0.0,6.840991,
265,3,6.882722,0.076582,6.963241,0.0,6.778746,
266,3,6.623439,0.08167,6.708757,0.0,6.981898,
267,3,6.771386,0.0457,6.820766,0.0,6.725078,
268,3,6.64216,0.062853,6.7124690000000005,0.0,6.861729,
269,3,6.468451,0.048548,6.519750999999999,0.0,6.725334,
270,3,6.551817,0.050884,6.606541,0.0,6.581804,
271,3,6.568491,0.021505,6.592524,0.0,6.61611,
272,3,6.498118,0.071909,6.572907,0.0,6.601677,
273,3,6.631888,0.073253,6.709749,0.0,6.585868,
274,3,6.487237,0.04906,6.539785,0.0,6.724854,
275,3,6.388189,0.060676,6.451041999999999,0.0,6.548681,
276,3,6.383197,0.019905,6.40547,0.0,6.460547,
277,3,6.409407,0.019617,6.4312,0.0,6.414335,
278,3,7.177144,0.042531,7.221915,0.0,6.440193,
279,3,6.712885,0.025762,6.742199,0.0,7.237885,
280,3,6.444546,0.021857,6.469315,0.0,6.795067,
281,3,6.365371,0.022146,6.391166,0.0,6.547465,
282,3,6.401855,0.020193,6.424384,0.0,6.399934,
283,3,6.442241,0.020258,6.464771,0.0,6.432609,
284,3,7.155894,0.372284,7.530419,0.0,6.474595,
285,3,6.658002,0.022305,6.900323,0.0,7.54514,
286,3,6.517543,0.018017,6.5378,0.0,6.909604,
287,3,6.470371,0.017826,6.490437,0.0,6.545737,
288,3,6.497222,0.021025,6.520327,0.0,6.497221,
289,3,6.258099,0.017314,6.277621,0.0,6.527464,
290,3,6.4737,0.02813,6.504134,0.0,6.284757,
291,3,6.838431,0.027266,6.8679689999999995,0.0,6.515431,
292,3,6.687539,0.082087,6.7721860000000005,0.0,6.87981,
293,3,6.526952,0.027586,6.559978,0.0,6.789531,
294,3,6.432417,0.057892,6.495173,0.0,6.654705,
295,3,6.357083,0.053188,6.413119,0.0,6.505766,
296,3,6.724246,0.070213,6.7968589999999995,0.0,6.423008,
297,3,6.766457,0.064933,6.836415000000001,0.0,6.810748,
298,3,6.505286,0.05466,6.564234000000001,0.0,6.847648,
299,3,6.315288,0.062053,6.380253,0.0,6.590828,
300,3,6.410719,0.045284,6.458211,0.0,6.388573,
301,3,6.346746,0.045796,6.394782,0.0,6.465347,
302,3,6.769241,0.029186,6.8004750000000005,0.0,6.403455,
303,3,6.789852,0.023329,6.815645,0.0,6.811164,
304,3,6.368124,0.019937,6.390301,0.0,6.82483,
305,3,6.37638,0.017026,6.395614,0.0,6.398078,
306,3,6.258132,0.016353,6.276661,0.0,6.402462,
307,3,6.342746,0.058532,6.404959,0.0,6.350426,
308,3,6.498437,0.053124,6.553578,0.0,6.411327,
309,3,6.706229,0.027394,6.73564,0.0,6.561258,
310,3,6.325688,0.019042,6.347002,0.0,6.751705,
311,3,6.403102,0.053124,6.458403,0.0,6.35449,
312,3,6.233873,0.064229,6.3001510000000005,0.0,6.466275,
313,3,6.370396,0.047171,6.419551,0.0,6.307832,
314,3,6.417471,0.04714,6.466659,0.0,6.426304,
315,3,6.611918,0.063557,6.677363000000001,0.0,6.473987,
316,3,6.34361,0.050436,6.39651,0.0,6.691444,
317,3,6.348443,0.051523,6.402078,0.0,6.404798,
318,3,6.3647,0.047203,6.413951,0.0,6.408767,
319,3,6.397726,0.044931,6.444577,0.0,6.42032,
320,3,6.654193,0.020801,6.6783220000000005,0.0,6.508102,
321,3,7.067184,0.033891,7.103443,0.0,6.685907,
322,3,6.521799,0.060164,6.584523,0.0,7.115636,
323,3,6.388893,0.022594,6.4134709999999995,0.0,6.59278,
324,3,6.344378,0.051587,6.3978209999999995,0.0,6.42128,
325,3,6.386845,0.048612,6.437345,0.0,6.405054,
326,3,6.486245,0.045251,6.533288,0.0,6.443777,
327,3,6.532328,0.053284,6.587628,0.0,6.540329,
328,3,6.34185,0.022241,6.366651,0.0,6.598701,
329,3,6.347354,0.019329,6.369084,0.0,6.420959,
330,3,6.4769,0.021954,6.501894,0.0,6.408479,
331,3,6.31964,0.020801,6.3853729999999995,0.0,6.50935,
332,3,6.387997,0.017025,6.407101999999999,0.0,6.392766,
333,3,6.507942,0.029762,6.540871999999999,0.0,6.494949,
334,3,6.522823,0.023042,6.547912999999999,0.0,6.550825,
335,3,6.29935,0.017474,6.318776,0.0,6.556138,
336,3,6.37766,0.015969,6.395709999999999,0.0,6.354426,
337,3,6.26034,0.015809,6.278037,0.0,6.431617,
338,3,6.350874,0.015617,6.368602999999999,0.0,6.315928,
339,3,6.874754,0.030498,6.9074599999999995,0.0,6.403742,
340,3,6.527847,0.027234,6.559434,0.0,6.952839,
341,3,6.342746,0.02541,6.370748,0.0,6.569099,
342,3,6.35337,0.083238,6.4390410000000005,0.0,6.377948,
343,3,6.304951,0.047299,6.354938,0.0,6.497862,
344,3,6.253779,0.017698,6.273589,0.0,6.363707,
345,3,6.425344,0.017858,6.445314,0.0,6.280853,
346,3,6.732951,0.069989,6.806139999999999,0.0,6.50567,
347,3,6.627631,0.046659,6.677138,0.0,6.821054,
348,3,6.478788,0.064261,6.548649,0.0,6.695412,
349,3,6.308311,0.051236,6.362107,0.0,6.562346,
350,3,6.443297,0.051076,6.496645,0.0,6.374172,
351,3,6.42272,0.024354,6.449378,0.0,6.505606,
352,3,6.440737,0.061221,6.538920999999999,0.0,6.45933,
353,3,6.678579,0.139115,6.820926,0.0,6.585932,
354,3,6.691924,0.047908,6.743352,0.0,6.840031,
355,3,6.770105,0.039491,6.813245,0.0,6.803772,
356,3,6.537224,0.033539,6.576204000000001,0.0,6.82979,
357,3,6.47338,0.025729,6.503653,0.0,6.589837,
358,3,6.37814,0.022754,6.403551,0.0,6.515014,
359,3,6.336697,0.019393,6.360379,0.0,6.481092,
360,3,6.247859,0.017857,6.267956,0.0,6.368988,
361,3,6.304503,0.039555,6.346138000000001,0.0,6.275829,
362,3,6.602093,0.040003,6.644431999999999,0.0,6.355419,
363,3,6.550282,0.064325,6.617711,0.0,6.661617,
364,3,6.630223,0.055716,6.6887550000000005,0.0,6.63112,
365,3,6.491013,0.040099,6.533767999999999,0.0,6.70066,
366,3,6.426976,0.024962,6.454306,0.0,6.546089,
367,3,6.971721,0.040739,7.015116,0.0,6.464707,
368,3,6.679667,0.03181,6.7149339999999995,0.0,7.033037,
369,3,6.482597,0.024866,6.509799,0.0,6.732343,
370,3,6.488452,0.069478,6.560203,0.0,6.521447,
371,3,6.45437,0.020801,6.4794279999999995,0.0,6.571371,
372,3,6.424896,0.023938,6.452738,0.0,6.556298,
373,3,6.306103,0.024066,6.3327610000000005,0.0,6.463587,
374,3,6.536584,0.026722,6.56561,0.0,6.34329,
375,3,6.301399,0.020066,6.326105,0.0,6.576779,
376,3,6.437344,0.02189,6.461475,0.0,6.336889,
377,3,6.378588,0.018946,6.4003499999999995,0.0,6.470436,
378,3,6.496037,0.019009,6.518759,0.0,6.408254,
379,3,6.511975,0.017825,6.532552,0.0,6.526824,
380,3,6.631375,0.026498,6.660113,0.0,6.540009,
381,3,6.705749,0.042915,6.751224000000001,0.0,6.670962,
382,3,6.677394,0.029667,6.710294,0.0,6.767641,
383,3,6.397182,0.028066,6.427872000000001,0.0,6.724087,
384,3,6.509158,0.044196,6.556010000000001,0.0,6.441409,
385,3,6.326425,0.024674,6.356059,0.0,6.602989,
386,3,6.532872,0.02925,6.564874,0.0,6.368444,
387,3,6.390557,0.020674,6.448354,0.0,6.576747,
388,3,6.416639,0.018049,6.43712,0.0,6.458435,
389,3,6.312568,0.024418,6.339578,0.0,6.444769,
390,3,6.487109,0.021601,6.512102,0.0,6.385021,
391,3,6.389821,0.019682,6.412127,0.0,6.559786,
392,3,6.547913,0.028482,6.578891,0.0,6.420288,
393,3,6.496933,0.025506,6.525479,0.0,6.631119,
394,3,6.488677,0.020514,6.511623,0.0,6.536136,
395,3,6.420576,0.016417,6.4391370000000006,0.0,6.520327,
396,3,6.213616,0.015137,6.230769,0.0,6.446594,
397,3,6.263284,0.015361,6.280532999999999,0.0,6.23957,
398,3,6.5378,0.027426,6.569003,0.0,6.366907,
399,3,6.5747,0.072581,6.650001,0.0,6.582988,
400,3,6.406302,0.07367,6.483237,0.0,6.668402,
401,3,6.549161,0.054788,6.6069249999999995,0.0,6.495782,
402,3,6.395454,0.025122,6.422815999999999,0.0,6.618702,
403,3,6.406846,0.021506,6.43056,0.0,6.434209,
404,3,6.536808,0.063557,6.602412999999999,0.0,6.440705,
405,3,6.445121,0.052516,6.499941000000001,0.0,6.61483,
406,3,6.51239,0.020834,6.535400999999999,0.0,6.514214,
407,3,6.411263,0.020705,6.435713,0.0,6.544553,
408,3,6.444961,0.019778,6.466787,0.0,6.445314,
409,3,6.366843,0.049316,6.419679,0.0,6.475812,
410,3,6.580684,0.03197,6.6147339999999994,0.0,6.428896,
411,3,6.542089,0.02301,6.570571,0.0,6.706677,
412,3,6.368475,0.02093,6.391806,0.0,6.581355,
413,3,6.589644,0.025282,6.617134,0.0,6.401599,
414,3,6.464579,0.022337,6.4891879999999995,0.0,6.627055,
415,3,6.353051,0.021601,6.37686,0.0,6.498309,
416,3,7.207387,0.027074,7.236861,0.0,6.385277,
417,3,6.472355,0.02493,6.499877000000001,0.0,7.248318,
418,3,6.696212,0.035075,6.735447000000001,0.0,6.510278,
419,3,6.61531,0.046436,6.666386,0.0,6.748952,
420,3,6.413535,0.054148,6.469347,0.0,6.679539,
421,3,6.323288,0.051268,6.376092,0.0,6.47866,
422,3,6.390654,0.050947,6.4453130000000005,0.0,6.385661,
423,3,6.502726,0.056548,6.561066,0.0,6.456866,
424,3,6.477539,0.068742,6.549162,0.0,6.641392,
425,3,6.539689,0.026946,6.569419,0.0,6.566027,
426,3,6.568842,0.02381,6.594989,0.0,6.581227,
427,3,6.392126,0.022433,6.417215000000001,0.0,6.60731,
428,3,6.613326,0.081574,6.696884,0.0,6.427616,
429,3,6.573963,0.063621,6.640432,0.0,6.71279,
430,3,6.399774,0.054884,6.458305999999999,0.0,6.655601,
431,3,6.393342,0.023874,6.419552,0.0,6.470083,
432,3,6.40835,0.07383,6.484547999999999,0.0,6.431713,
433,3,6.506502,0.020673,6.529831,0.0,6.495045,
434,3,6.407935,0.02525,6.435297,0.0,6.53876,
435,3,6.71951,0.035682,6.7574000000000005,0.0,6.444482,
436,3,6.756632,0.047716,6.807453,0.0,6.772217,
437,3,6.544713,0.066245,6.617167,0.0,6.9065,
438,3,6.524999,0.037987,6.565546,0.0,6.630384,
439,3,6.655537,0.027554,6.686356,0.0,6.582219,
440,3,6.518279,0.063813,6.584236000000001,0.0,6.700757,
441,3,6.67285,0.084295,6.761145,0.0,6.597453,
442,3,6.50183,0.066917,6.572587,0.0,6.776122,
443,3,6.486917,0.062372,6.5525210000000005,0.0,6.586956,
444,3,6.726806,0.065765,6.796155,0.0,6.569163,
445,3,6.411103,0.025058,6.441409999999999,0.0,6.81094,
446,3,6.445922,0.06234,6.510758,0.0,6.458819,
447,3,6.349307,0.017665,6.369372,0.0,6.521735,
448,3,6.417151,0.046116,6.466083,0.0,6.377885,
449,3,6.363612,0.050019,6.415615000000001,0.0,6.474595,
450,3,6.413503,0.05386,6.469571,0.0,6.42416,
451,3,6.577932,0.057732,6.638064,0.0,6.481796,
452,3,6.320376,0.055717,6.378685,0.0,6.651633,
453,3,6.382365,0.045764,6.430016999999999,0.0,6.387165,
454,3,6.411231,0.01917,6.432353,0.0,6.437601,
455,3,6.482917,0.045987,6.531112,0.0,6.441281,
456,3,6.407455,0.05418,6.464067,0.0,6.539337,
457,3,6.439393,0.025537,6.4681310000000005,0.0,6.472579,
458,3,6.446017,0.052036,6.501478,0.0,6.481796,
459,3,6.376476,0.044964,6.424384,0.0,6.511015,
460,3,6.369403,0.043076,6.414592,0.0,6.432672,
461,3,6.457187,0.017633,6.476644,0.0,6.423392,
462,3,6.390653,0.049028,6.441633,0.0,6.484325,
463,3,6.658162,0.061508,6.723414,0.0,6.511494,
464,3,6.383453,0.046916,6.433569,0.0,6.735447,
465,3,6.413439,0.048259,6.463779000000001,0.0,6.443073,
466,3,6.425504,0.04746,6.4750440000000005,0.0,6.471908,
467,3,6.383101,0.043619,6.428768,0.0,6.482884,
468,3,6.33961,0.044163,6.385949,0.0,6.437345,
469,3,6.636207,0.067814,6.706005,0.0,6.393566,
470,3,6.945063,0.083686,7.031981,0.0,6.719894,
471,3,6.616526,0.071109,6.691572,0.0,7.051406,
472,3,6.567242,0.069477,6.639984,0.0,6.707861,
473,3,6.37654,0.02541,6.404863000000001,0.0,6.654673,
474,3,6.609774,0.040963,6.654737,0.0,6.416448,
475,3,6.616462,0.039299,6.658834,0.0,6.673202,
476,3,6.505542,0.061253,6.5716589999999995,0.0,6.742904,
477,3,6.449378,0.026466,6.47802,0.0,6.584652,
478,3,6.443137,0.068613,6.516293999999999,0.0,6.489125,
479,3,6.474884,0.027906,6.5058620000000005,0.0,6.533704,
480,3,6.349146,0.122633,6.474531000000001,0.0,6.520807,
481,3,6.573836,0.034594,6.61099,0.0,6.486148,
482,3,6.583147,0.027683,6.6164309999999995,0.0,6.626383,
483,3,6.606957,0.108264,6.7185500000000005,0.0,6.628879,
484,3,6.447746,0.02157,6.472388,0.0,6.730359,
485,3,6.302102,0.058085,6.362684000000001,0.0,6.481892,
486,3,6.421983,0.050692,6.475042999999999,0.0,6.374301,
487,3,6.603886,0.030882,6.638768,0.0,6.484964,
488,3,6.672787,0.030434,6.706005,0.0,6.651313,
489,3,6.495525,0.055813,6.556649999999999,0.0,6.786203,
490,3,6.415167,0.018593,6.436065,0.0,6.567626,
491,3,6.448098,0.052228,6.502502000000001,0.0,6.445954,
492,3,6.331097,0.047268,6.380573,0.0,6.511494,
493,3,6.608077,0.027682,6.637807,0.0,6.389918,
494,3,6.511463,0.032194,6.546409000000001,0.0,6.64856,
495,3,6.561994,0.05658,6.622669999999999,0.0,6.631344,
496,3,6.359067,0.01917,6.380733,0.0,6.633679,
497,3,6.393885,0.018722,6.415999,0.0,6.390078,
498,3,6.454818,0.019617,6.476452,0.0,6.424415,
499,3,6.389981,0.02125,6.413374999999999,0.0,6.484805,
0,6,6.658865,0.064229,6.726006,0.0,,
1,6,6.892195,0.097191,6.991114,0.0,6.745624,
2,6,6.897188,0.090854,6.98961,0.0,7.008619,
3,6,6.794107,0.088071,6.884034,0.0,7.006988,
4,6,6.77129,0.095655,6.868481,0.0,6.899299,
5,6,6.801277,0.082246,6.885091,0.0,6.881442,
6,6,6.615118,0.03181,6.6483039999999995,0.0,6.89946,
7,6,6.943239,0.04986,6.994443,0.0,6.659377,
8,6,7.22998,0.10548,7.3369,0.0,7.01262,
9,6,6.95524,0.051171,7.008171,0.0,7.358694,
10,6,6.669426,0.065157,6.736279000000001,0.0,7.024109,
11,6,6.714037,0.040931,6.756313,0.0,6.744599,
12,6,6.571819,0.065189,6.638448,0.0,6.76729,
13,6,6.895171,0.106728,7.0033389999999995,0.0,6.648401,
14,6,6.917509,0.059236,6.978281,0.0,7.017836,
15,6,6.680627,0.076742,6.761881,0.0,7.135093,
16,6,6.633008,0.028066,6.66261,0.0,6.771962,
17,6,6.599789,0.024322,6.625647,0.0,6.675027,
18,6,6.74556,0.040355,6.787355,0.0,6.632783,
19,6,6.91146,0.09444,7.007435999999999,0.0,6.798556,
20,6,6.99345,0.057253,7.052303,0.0,7.023789,
21,6,6.82371,0.035138,6.860416,0.0,7.067056,
22,6,6.716502,0.08871,6.80678,0.0,6.870689,
23,6,6.60491,0.056132,6.66277,0.0,6.817117,
24,6,6.977641,0.097895,7.077168,0.0,6.670803,
25,6,7.26163,0.10772,7.37111,0.0,7.093458,
26,6,6.913476,0.071238,6.986666,0.0,7.39268,
27,6,6.629807,0.055524,6.687027,0.0,6.998379,
28,6,6.646705,0.05514,6.704597,0.0,6.764633,
29,6,6.567978,0.066437,6.6358559999999995,0.0,6.711541,
30,6,6.900579,0.109193,7.0111799999999995,0.0,6.643601,
31,6,6.993002,0.065637,7.060303,0.0,7.026637,
32,6,6.727446,0.068965,6.79798,0.0,7.077136,
33,6,6.677459,0.064357,6.743384,0.0,6.807805,
34,6,6.83267,0.046052,6.880162,0.0,6.753849,
35,6,6.791707,0.044388,6.837535,0.0,6.897891,
36,6,6.988746,0.057893,7.048239000000001,0.0,6.855488,
37,6,7.121428,0.058756,7.1817519999999995,0.0,7.066096,
38,6,6.705653,0.032098,6.739511,0.0,7.200858,
39,6,6.963528,0.037731,7.002635,0.0,6.750008,
40,6,6.737912,0.030466,6.769946,0.0,7.016012,
41,6,6.905316,0.035395,6.943399,0.0,6.85056,
42,6,7.2287,0.053252,7.284032,0.0,6.995435,
43,6,7.393353,0.070309,7.465454,0.0,7.303649,
44,6,6.741112,0.03085,6.7738499999999995,0.0,7.483471,
45,6,6.85168,0.038467,6.891459,0.0,6.784187,
46,6,6.604974,0.030082,6.636559999999999,0.0,6.905732,
47,6,6.995019,0.053892,7.052975,0.0,6.681107,
48,6,7.074641,0.058084,7.134581,0.0,7.068528,
49,6,6.956968,0.053348,7.0123,0.0,7.153399,
50,6,6.707765,0.02765,6.736983,0.0,7.029005,
51,6,6.794235,0.025858,6.821405,0.0,6.746072,
52,6,6.696628,0.024066,6.72207,0.0,6.830078,
53,6,6.882434,0.052292,6.936038,0.0,6.730007,
54,6,6.977321,0.053828,7.035501,0.0,7.011404,
55,6,7.034413,0.044291,7.080241,0.0,7.052878,
56,6,6.825469,0.028995,6.855937,0.0,7.094706,
57,6,6.588813,0.029154,6.619311,0.0,6.865217,
58,6,9.436865,0.330553,9.769018,0.0,6.630736,
59,6,7.104915,0.058373,7.165496,0.0,9.806524,
60,6,7.024077,0.056484,7.082256999999999,0.0,7.184185,
61,6,6.769817,0.030019,6.8015,0.0,7.101939,
62,6,6.672306,0.023842,6.6981,0.0,6.812829,
63,6,6.628783,0.026018,6.656882,0.0,6.705524,
64,6,7.103794,0.053924,7.159063000000001,0.0,6.66485,
65,6,7.071888,0.093127,7.166423,0.0,7.176729,
66,6,6.87453,0.05082,6.9267900000000004,0.0,7.183288,
67,6,6.782746,0.029379,6.814941,0.0,7.0059,
68,6,6.553834,0.028162,6.583372,0.0,6.823613,
69,6,6.904228,0.085446,6.991274,0.0,6.592013,
70,6,7.27728,0.135082,7.41425,0.0,7.002219,
71,6,7.326596,0.055556,7.3855759999999995,0.0,7.472846,
72,6,7.082705,0.058372,7.14255,0.0,7.406057,
73,6,7.159831,0.064389,7.225628,0.0,7.170072,
74,6,7.409705,0.144651,7.555797,0.0,7.245917,
75,6,7.247261,0.096935,7.346053,0.0,7.615705,
76,6,7.379431,0.056772,7.43982,0.0,7.481007,
77,6,6.911876,0.050564,6.964456,0.0,7.46043,
78,6,6.76633,0.029698,6.797404,0.0,6.981961,
79,6,6.836478,0.046628,6.88445,0.0,6.805821,
80,6,6.616654,0.025794,6.645393,0.0,6.957063,
81,6,6.539304,0.023618,6.564234000000001,0.0,6.654738,
82,6,6.802108,0.05594,6.860545,0.0,6.571434,
83,6,6.867393,0.048612,6.917669,0.0,6.87549,
84,6,6.670867,0.026114,6.698485,0.0,6.93543,
85,6,6.591308,0.065797,6.658512999999999,0.0,6.70943,
86,6,6.589836,0.023362,6.615118,0.0,6.668242,
87,6,6.65208,0.027298,6.6806909999999995,0.0,6.62219,
88,6,6.943879,0.049924,6.995211,0.0,6.689492,
89,6,6.776762,0.03069,6.809021,0.0,7.018124,
90,6,6.721846,0.025954,6.74908,0.0,6.819294,
91,6,6.613614,0.02573,6.640688,0.0,6.757273,
92,6,6.576203,0.025922,6.603533,0.0,6.650161,
93,6,6.729302,0.027874,6.759193,0.0,6.664273,
94,6,6.834367,0.05242,6.8882270000000005,0.0,6.767866,
95,6,6.798588,0.030178,6.832574,0.0,6.904452,
96,6,6.727127,0.027298,6.755897,0.0,6.842655,
97,6,6.621774,0.024898,6.648145,0.0,6.765657,
98,6,6.563146,0.025954,6.59038,0.0,6.656754,
99,6,6.71663,0.027042,6.745144,0.0,6.598701,
100,6,6.874625,0.05322,6.929382,0.0,6.75612,
101,6,6.749785,0.02717,6.778779,0.0,6.945639,
102,6,6.554921,0.022594,6.579051,0.0,6.79062,
103,6,6.642544,0.023202,6.667154,0.0,6.586988,
104,6,6.580972,0.026562,6.608878000000001,0.0,6.67445,
105,6,6.587884,0.027618,6.617902,0.0,6.617551,
106,6,7.14991,0.054308,7.206554000000001,0.0,6.682963,
107,6,7.09429,0.058212,7.154166,0.0,7.227548,
108,6,6.80326,0.038659,6.8434230000000005,0.0,7.171064,
109,6,6.675859,0.031074,6.708245,0.0,6.854304,
110,6,6.726422,0.028771,6.758041,0.0,6.71727,
111,6,6.589005,0.070053,6.660466,0.0,6.768409,
112,6,6.93191,0.219504,7.152822,0.0,6.669971,
113,6,6.700565,0.067493,6.7695940000000006,0.0,7.167959,
114,6,6.751128,0.029923,6.782491,0.0,6.780059,
115,6,6.631696,0.024418,6.657746,0.0,6.791227,
116,6,6.573227,0.022018,6.596493,0.0,6.66533,
117,6,6.657297,0.066917,6.725334,0.0,6.60315,
118,6,6.894915,0.049156,6.945735,0.0,6.734775,
119,6,6.70895,0.027586,6.7387760000000005,0.0,7.058991,
120,6,6.753337,0.035042,6.7897549999999995,0.0,6.746136,
121,6,6.648305,0.027298,6.677011,0.0,6.801596,
122,6,6.619375,0.023938,6.644817,0.0,6.715894,
123,6,6.682739,0.131018,6.815005,0.0,6.651729,
124,6,6.862817,0.084614,6.949671,0.0,6.828862,
125,6,6.820541,0.031523,6.853792,0.0,6.964457,
126,6,6.69378,0.027074,6.722391,0.0,6.86368,
127,6,6.595789,0.029762,6.6272470000000006,0.0,6.736312,
128,6,6.59342,0.063845,6.6587369999999995,0.0,6.636528,
129,6,6.839999,0.070405,6.911844,0.0,6.668018,
130,6,6.947303,0.049412,6.998187000000001,0.0,6.921957,
131,6,6.695508,0.065573,6.762681000000001,0.0,7.012876,
132,6,6.612718,0.026018,6.641456,0.0,6.855648,
133,6,6.568779,0.028834,6.598925,0.0,6.648817,
134,6,6.571851,0.062212,6.6356,0.0,6.607245,
135,6,6.606926,0.069189,6.677619,0.0,6.643985,
136,6,6.823454,0.051203,6.876321,0.0,6.690708,
137,6,6.824062,0.036546,6.862336,0.0,6.891203,
138,6,6.71007,0.03309,6.744632,0.0,6.874337,
139,6,6.709301,0.068421,6.77913,0.0,6.754233,
140,6,6.651505,0.072678,6.725559,0.0,6.788699,
141,6,6.783131,0.037027,6.821566000000001,0.0,6.734743,
142,6,6.931814,0.051588,6.9849380000000005,0.0,6.834303,
143,6,6.905892,0.034915,6.942567,0.0,7.000203,
144,6,6.669907,0.027618,6.699285,0.0,6.952871,
145,6,6.729175,0.028674,6.760217,0.0,6.767322,
146,6,6.74428,0.032706,6.7782659999999995,0.0,6.77113,
147,6,6.827102,0.091367,6.920229,0.0,6.792027,
148,6,8.003478,0.056324,8.061499,0.0,6.935334,
149,6,7.056015,0.089158,7.146966,0.0,8.084252,
150,6,6.768314,0.033826,6.803611999999999,0.0,7.164696,
151,6,6.660178,0.05274,6.714454,0.0,6.814749,
152,6,6.683092,0.032514,6.717014000000001,0.0,6.723862,
153,6,7.004075,0.095879,7.101426,0.0,6.727575,
154,6,6.918885,0.057252,6.9778649999999995,0.0,7.119956,
155,6,7.037933,0.092231,7.131988,0.0,6.995435,
156,6,7.03803,0.694163,7.733569,0.0,7.149846,
157,6,6.978441,0.079078,7.060112,0.0,7.760259,
158,6,6.705845,0.065861,6.774394,0.0,7.143734,
159,6,6.701525,0.029154,6.731959,0.0,6.784379,
160,6,6.671794,0.024514,6.697716000000001,0.0,6.741016,
161,6,6.60731,0.026434,6.636592,0.0,6.705589,
162,6,6.948424,0.053475,7.0033389999999995,0.0,6.64568,
163,6,6.784187,0.062853,6.84896,0.0,7.021229,
164,6,6.61179,0.070437,6.683667,0.0,6.862273,
165,6,6.726326,0.061861,6.790043,0.0,6.693012,
166,6,6.748312,0.02973,6.779418,0.0,6.799676,
167,6,6.98417,0.083974,7.069552,0.0,6.790843,
168,6,6.914277,0.046083,6.961992,0.0,7.084433,
169,6,6.752312,0.031139,6.785147,0.0,6.97729,
170,6,6.721943,0.025249,6.748600000000001,0.0,6.794651,
171,6,6.649841,0.023586,6.676115,0.0,6.823166,
172,6,6.571275,0.02269,6.595213,0.0,6.682835,
173,6,6.692916,0.026882,6.7211099999999995,0.0,6.601742,
174,6,6.969897,0.043363,7.014732,0.0,6.735735,
175,6,6.870785,0.029506,6.901923,0.0,7.027021,
176,6,6.64136,0.025922,6.66869,0.0,6.910468,
177,6,6.579404,0.022977,6.603789,0.0,6.676083,
178,6,6.699764,0.059077,6.760345,0.0,6.610766,
179,6,6.695412,0.026978,6.723639,0.0,6.767801,
180,6,6.849823,0.097224,6.948456,0.0,6.732119,
181,6,6.681523,0.025282,6.708629,0.0,6.961193,
182,6,6.576588,0.056036,6.633904,0.0,6.716693,
183,6,6.586028,0.059748,6.647024,0.0,6.642353,
184,6,6.657554,0.024353,6.684563,0.0,6.710421,
185,6,6.566347,0.055684,6.623375,0.0,6.691348,
186,6,6.714166,0.037859,6.753337,0.0,6.630767,
187,6,6.771578,0.026562,6.799804,0.0,6.766522,
188,6,6.516135,0.022625,6.540136,0.0,6.808765,
189,6,6.599309,0.022018,6.6226389999999995,0.0,6.548521,
190,6,6.563211,0.021921,6.587308,0.0,6.629167,
191,6,6.621519,0.021793,6.645776,0.0,6.593869,
192,6,7.033101,0.051076,7.085457,0.0,6.652369,
193,6,7.156471,0.052644,7.211035,0.0,7.100178,
194,6,6.787675,0.037571,6.827134,0.0,7.265759,
195,6,6.77369,0.028482,6.803804,0.0,6.838367,
196,6,6.6412,0.024098,6.666706,0.0,6.814109,
197,6,6.738487,0.074342,6.814205,0.0,6.673971,
198,6,6.91226,0.089863,7.004651,0.0,6.82387,
199,6,6.972713,0.038659,7.013164,0.0,7.019308,
200,6,6.71311,0.025826,6.740696,0.0,7.025357,
201,6,6.561738,0.053156,6.616334,0.0,6.747768,
202,6,6.597645,0.065445,6.664562,0.0,6.627503,
203,6,6.767834,0.022785,6.792155,0.0,6.671859,
204,6,6.895523,0.04922,6.946247,0.0,6.800348,
205,6,6.707061,0.067717,6.776474,0.0,6.960776,
206,6,6.690516,0.026978,6.718902,0.0,6.787579,
207,6,6.546217,0.059236,6.606861,0.0,6.727607,
208,6,6.591436,0.02669,6.61947,0.0,6.614286,
209,6,6.557418,0.057988,6.616814000000001,0.0,6.627663,
210,6,6.993515,0.074181,7.070768,0.0,6.694068,
211,6,6.704245,0.102855,6.808796,0.0,7.086386,
212,6,6.668914,0.063045,6.733366999999999,0.0,6.819805,
213,6,6.684275,0.023362,6.709365,0.0,6.74188,
214,6,6.704853,0.0585,6.764761,0.0,6.716182,
215,6,7.248605,0.095815,7.34586,0.0,6.771994,
216,6,6.798172,0.076517,6.876737,0.0,7.361254,
217,6,6.865345,0.068133,6.93495,0.0,6.88877,
218,6,6.82563,0.059525,6.886915,0.0,6.945063,
219,6,6.696085,0.058884,6.756217,0.0,6.896067,
220,6,6.74284,0.058404,6.802716,0.0,6.766234,
221,6,6.702965,0.053188,6.757433,0.0,6.810653,
222,6,6.793212,0.034307,6.828830999999999,0.0,6.767033,
223,6,6.640081,0.06554,6.708213,0.0,6.90634,
224,6,6.799196,0.029506,6.830013999999999,0.0,6.716246,
225,6,6.635888,0.024738,6.662226,0.0,6.838431,
226,6,6.77017,0.027938,6.799708,0.0,6.670034,
227,6,6.891363,0.073189,6.966056,0.0,6.807165,
228,6,6.718582,0.025602,6.74604,0.0,6.978121,
229,6,6.835903,0.061829,6.899076,0.0,6.755961,
230,6,6.572715,0.021282,6.595437,0.0,6.908196,
231,6,6.560522,0.05466,6.616463,0.0,6.601997,
232,6,6.659505,0.022178,6.684052,0.0,6.625295,
233,6,6.637136,0.070822,6.709302,0.0,6.691028,
234,6,6.616334,0.061445,6.679411,0.0,6.725111,
235,6,6.667346,0.025442,6.69458,0.0,6.689268,
236,6,6.506662,0.056772,6.567275,0.0,6.75676,
237,6,6.558122,0.021313,6.580747,0.0,6.57406,
238,6,6.574827,0.053124,6.629295,0.0,6.587244,
239,6,6.880898,0.090662,6.972873,0.0,6.635503,
240,6,7.057487,0.0577,7.118932,0.0,6.986538,
241,6,6.967336,0.082695,7.1034109999999995,0.0,7.138358,
242,6,6.72079,0.05898,6.781210000000001,0.0,7.120276,
243,6,6.815742,0.053572,6.870658,0.0,6.791803,
244,6,6.693172,0.060805,6.755256999999999,0.0,6.877826,
245,6,6.852064,0.05434,6.9081969999999995,0.0,6.763769,
246,6,7.060624,0.054596,7.116820000000001,0.0,6.967017,
247,6,7.590615,0.097512,7.690079,0.0,7.175096,
248,6,7.256702,0.057413,7.315875,0.0,7.708832,
249,6,6.790267,0.181774,6.975818,0.0,7.393128,
250,6,6.747064,0.029154,6.777851,0.0,6.98849,
251,6,6.727862,0.065317,6.794651,0.0,6.788604,
252,6,6.712822,0.026914,6.741144,0.0,6.804572,
253,6,6.626031,0.026306,6.653873,0.0,6.751737,
254,6,6.804797,0.078694,6.8853789999999995,0.0,6.701268,
255,6,6.730327,0.029218,6.763225,0.0,6.89802,
256,6,6.551785,0.024962,6.578123,0.0,6.771418,
257,6,6.614158,0.023298,6.639056,0.0,6.58574,
258,6,6.592108,0.022786,6.616207,0.0,6.64808,
259,6,6.576427,0.022146,6.599982,0.0,6.624303,
260,6,6.704053,0.038211,6.745176000000001,0.0,6.60667,
261,6,6.767674,0.029122,6.79846,0.0,6.755321,
262,6,6.722262,0.068165,6.791836,0.0,6.8063,
263,6,6.551017,0.027042,6.579563,0.0,6.800733,
264,6,6.56273,0.062533,6.626990999999999,0.0,6.587372,
265,6,6.556393,0.021762,6.579564,0.0,6.634191,
266,6,6.713525,0.034947,6.749784,0.0,6.585965,
267,6,6.662322,0.025762,6.690164,0.0,6.762201,
268,6,6.520743,0.024098,6.54625,0.0,6.699188,
269,6,6.577516,0.021633,6.600588999999999,0.0,6.555306,
270,6,6.587789,0.021729,6.610958,0.0,6.612046,
271,6,6.603757,0.022466,6.627599,0.0,6.617487,
272,6,6.66789,0.078118,6.805277,0.0,6.634255,
273,6,6.729399,0.027266,6.758361,0.0,6.815838,
274,6,6.567819,0.056644,6.625903,0.0,6.766233,
275,6,6.660466,0.025474,6.688404,0.0,6.68674,
276,6,6.57214,0.05386,6.6278880000000004,0.0,6.697268,
277,6,6.549642,0.021697,6.572747000000001,0.0,6.63496,
278,6,6.77593,0.069061,6.846271,0.0,6.578956,
279,6,7.376007,0.051972,7.429515,0.0,6.858496,
280,6,6.812797,0.073573,6.888386,0.0,7.448141,
281,6,6.65925,0.064741,6.725495,0.0,6.901539,
282,6,6.695924,0.030082,6.727638,0.0,6.735736,
283,6,6.550506,0.069765,6.621646999999999,0.0,6.736599,
284,6,6.710741,0.043363,6.755609,0.0,6.631247,
285,6,6.748888,0.031778,6.782395,0.0,6.771098,
286,6,6.694612,0.061829,6.757849,0.0,6.791868,
287,6,6.555306,0.052259,6.608909,0.0,6.768314,
288,6,6.60987,0.053572,6.665842,0.0,6.731287,
289,6,6.724375,0.053028,6.7790669999999995,0.0,6.672178,
290,6,6.757945,0.040579,6.799836,0.0,6.785627,
291,6,6.750361,0.159212,6.911333000000001,0.0,6.812733,
292,6,6.568747,0.051139,6.62171,0.0,6.923558,
293,6,6.63272,0.053188,6.746168,0.0,6.629679,
294,6,6.621454,0.022082,6.645104,0.0,6.753113,
295,6,6.6404,0.021345,6.6632810000000005,0.0,6.692276,
296,6,6.775418,0.078694,6.855552,0.0,6.66965,
297,6,6.725431,0.029762,6.756761,0.0,6.868513,
298,6,6.559242,0.058628,6.61931,0.0,6.76729,
299,6,6.528904,0.02621,6.556522,0.0,6.627727,
300,6,6.562826,0.054244,6.618478,0.0,6.564427,
301,6,6.624079,0.021345,6.647793,0.0,6.73055,
302,6,6.870241,0.044675,6.916259999999999,0.0,6.653842,
303,6,6.673555,0.065765,6.741111999999999,0.0,6.929221,
304,6,6.672018,0.056548,6.729942,0.0,6.761338,
305,6,6.563275,0.023649,6.588428,0.0,6.738359,
306,6,6.579756,0.05514,6.636176,0.0,6.595725,
307,6,6.544521,0.022946,6.568747,0.0,6.643568,
308,6,6.72127,0.035171,6.757753,0.0,6.575724,
309,6,6.599086,0.026241,6.626830999999999,0.0,6.768025,
310,6,6.583596,0.054308,6.639441000000001,0.0,6.64024,
311,6,6.531528,0.027522,6.560394,0.0,6.646993,
312,6,6.566187,0.054244,6.621935,0.0,6.570155,
313,6,6.576043,0.022786,6.60043,0.0,6.629007,
314,6,6.805437,0.036963,6.865057,0.0,6.667571,
315,6,6.633744,0.058372,6.69394,0.0,6.875489,
316,6,6.680723,0.05306,6.7352549999999995,0.0,6.702805,
317,6,6.55073,0.021761,6.573867,0.0,6.74284,
318,6,6.580203,0.050852,6.6324950000000005,0.0,6.580492,
319,6,6.577195,0.021058,6.599533,0.0,6.64104,
320,6,6.725494,0.031522,6.758361,0.0,6.605709,
321,6,6.680723,0.024514,6.706709,0.0,6.767514,
322,6,6.536104,0.063877,6.601357,0.0,6.714134,
323,6,6.517927,0.021954,6.541321,0.0,6.610734,
324,6,6.618223,0.054212,6.675027,0.0,6.548137,
325,6,6.5218,0.024418,6.547657999999999,0.0,6.681843,
326,6,6.79366,0.099495,6.894467,0.0,6.554346,
327,6,6.956392,0.048547,7.007947,0.0,6.970249,
328,6,7.003531,0.092775,7.0983540000000005,0.0,7.023789,
329,6,6.724023,0.029794,6.755609,0.0,7.112083,
330,6,6.556458,0.054852,6.614158,0.0,6.764794,
331,6,6.549802,0.025058,6.576236,0.0,6.621902,
332,6,6.739288,0.042787,6.783418999999999,0.0,6.583628,
333,6,6.928262,0.086982,7.016716,0.0,6.795708,
334,6,6.789532,0.039523,6.830559,0.0,7.030029,
335,6,6.861281,0.05562,6.987626000000001,0.0,6.842496,
336,6,6.90714,0.041187,6.955464,0.0,7.140533,
337,6,6.616782,0.030467,6.648849,0.0,6.968937,
338,6,6.560043,0.025762,6.5873729999999995,0.0,6.657873,
339,6,6.528808,0.024738,6.555178,0.0,6.634,
340,6,6.642993,0.023425,6.66901,0.0,6.651153,
341,6,6.683315,0.032451,6.717142,0.0,6.677107,
342,6,6.834622,0.032803,6.869057,0.0,6.726327,
343,6,6.634095,0.030275,6.665938,0.0,6.880162,
344,6,6.754232,0.026434,6.782107,0.0,6.675826,
345,6,6.677555,0.05354,6.7325040000000005,0.0,6.826046,
346,6,6.719222,0.058341,6.7791630000000005,0.0,6.740856,
347,6,6.673651,0.039843,6.714902,0.0,6.786971,
348,6,6.814973,0.031235,6.847904,0.0,6.727543,
349,6,6.643185,0.026113,6.671186,0.0,6.892995,
350,6,6.569099,0.022658,6.593133,0.0,6.679603,
351,6,6.575115,0.023618,6.60011,0.0,6.602125,
352,6,6.747896,0.022914,6.772410000000001,0.0,6.643409,
353,6,6.982185,0.049796,7.034638,0.0,6.873313,
354,6,6.854784,0.036227,6.893059,0.0,7.049039,
355,6,6.631952,0.029026,6.662738,0.0,6.908228,
356,6,6.818366,0.100711,6.991754,0.0,6.671379,
357,6,6.788155,0.040195,6.830239,0.0,7.008523,
358,6,6.707989,0.120713,6.830718,0.0,6.8432,
359,6,6.840992,0.082342,6.924838,0.0,6.845535,
360,6,6.872514,0.075429,6.950087,0.0,6.940903,
361,6,6.827326,0.032291,6.861345,0.0,6.962824,
362,6,6.767289,0.031139,6.7999,0.0,6.871714,
363,6,6.665938,0.063396,6.730999,0.0,6.80982,
364,6,6.923365,0.041412,6.966120999999999,0.0,6.739992,
365,6,7.059887,0.046436,7.1077960000000004,0.0,6.978505,
366,6,6.845151,0.054436,6.903907,0.0,7.188378,
367,6,6.77385,0.039299,6.814876999999999,0.0,6.919333,
368,6,6.672819,0.03309,6.707413,0.0,6.828702,
369,6,6.688372,0.02765,6.717494,0.0,6.718678,
370,6,6.879618,0.080454,6.962664999999999,0.0,6.72591,
371,6,6.921157,0.044867,6.967752,0.0,6.97793,
372,6,6.859296,0.047748,6.911077,0.0,6.981033,
373,6,6.783003,0.035811,6.820798,0.0,6.926406,
374,6,6.702164,0.032003,6.7358,0.0,6.832158,
375,6,6.722902,0.026946,6.752567999999999,0.0,6.746265,
376,6,7.427371,0.047267,7.475918,0.0,6.761689,
377,6,6.684756,0.069925,6.820158,0.0,7.488975,
378,6,6.883874,0.087303,6.972937,0.0,6.829631,
379,6,6.843775,0.033955,6.883362,0.0,7.051855,
380,6,6.698932,0.091655,6.792027,0.0,6.895107,
381,6,6.588429,0.064292,6.6542889999999995,0.0,6.803804,
382,6,6.810045,0.044131,6.855616,0.0,6.663186,
383,6,6.867169,0.07927,6.948679,0.0,6.9538,
384,6,6.830622,0.033315,6.865697,0.0,6.960168,
385,6,6.656593,0.071493,6.729622999999999,0.0,6.876321,
386,6,6.716854,0.031042,6.749496,0.0,6.740312,
387,6,6.79798,0.137482,6.936902,0.0,6.758393,
388,6,7.075345,0.044579,7.121556,0.0,6.947815,
389,6,7.023149,0.079302,7.104242999999999,0.0,7.132309,
390,6,6.582988,0.055332,6.640048,0.0,7.119092,
391,6,6.541449,0.024674,6.567531,0.0,6.650833,
392,6,6.486789,0.023202,6.512679,0.0,6.640752,
393,6,6.822749,0.061381,6.886018,0.0,6.521096,
394,6,6.87293,0.076965,6.9515590000000005,0.0,6.897219,
395,6,6.771738,0.029795,6.803613,0.0,6.963848,
396,6,6.657905,0.053348,6.713078,0.0,6.815005,
397,6,6.630703,0.028962,6.661169,0.0,6.720247,
398,6,6.604654,0.023713,6.686227000000001,0.0,6.668658,
399,6,6.742231,0.034691,6.7790669999999995,0.0,6.713621,
400,6,6.966888,0.04218,7.010764,0.0,6.788796,
401,6,6.655057,0.02397,6.680659,0.0,7.023661,
402,6,6.552201,0.0513,6.60507,0.0,6.688691,
403,6,6.576651,0.022466,6.600429,0.0,6.612623,
404,6,6.558954,0.062756,6.623375,0.0,6.609677,
405,6,6.503622,0.02557,6.531976,0.0,6.686644,
406,6,6.822494,0.078182,6.9023080000000006,0.0,6.543817,
407,6,6.652305,0.025218,6.679283,0.0,6.917061,
408,6,6.532648,0.0521,6.586252,0.0,6.686772,
409,6,6.573099,0.021313,6.595884,0.0,6.594637,
410,6,6.677363,0.089895,6.768762000000001,0.0,6.602221,
411,6,6.668658,0.037251,6.707637,0.0,6.780411,
412,6,7.001387,0.04634,7.049775,0.0,6.719766,
413,6,7.155734,0.0521,7.209659,0.0,7.062543,
414,6,6.730615,0.035714,6.768185000000001,0.0,7.227709,
415,6,6.647729,0.02621,6.675635,0.0,6.780986,
416,6,6.553898,0.024642,6.58014,0.0,6.728695,
417,6,6.804093,0.032066,6.837567,0.0,6.587404,
418,6,6.918373,0.107432,7.030253,0.0,6.911077,
419,6,6.846336,0.091591,7.005516,0.0,7.047854,
420,6,6.894212,0.10596,7.001804,0.0,7.023629,
421,6,6.940679,0.084454,7.026893,0.0,7.021165,
422,6,6.720951,0.067525,6.790172,0.0,7.04379,
423,6,6.625935,0.049092,6.676627,0.0,6.803741,
424,6,6.541225,0.022658,6.565259,0.0,6.684435,
425,6,6.573036,0.021249,6.595725,0.0,6.571915,
426,6,6.653201,0.030498,6.685203,0.0,6.602798,
427,6,6.832607,0.080102,6.914501,0.0,6.694612,
428,6,6.730743,0.02797,6.761241,0.0,6.93175,
429,6,6.616591,0.071013,6.68914,0.0,6.772634,
430,6,6.830878,0.038339,6.870849,0.0,6.700021,
431,6,6.652817,0.063301,6.718902,0.0,6.943623,
432,6,6.618383,0.031362,6.651281,0.0,6.727382,
433,6,6.911301,0.044643,6.9575119999999995,0.0,6.661106,
434,6,6.717526,0.02429,6.743703999999999,0.0,6.971753,
435,6,6.524999,0.020866,6.547401,0.0,6.751865,
436,6,6.5747,0.025793,6.602029,0.0,6.590412,
437,6,6.573483,0.021762,6.597293,0.0,6.642801,
438,6,6.566539,0.028226,6.5963009999999995,0.0,6.603981,
439,6,6.899651,0.047204,6.948487,0.0,6.60491,
440,6,6.765306,0.026306,6.793436,0.0,6.962856,
441,6,6.655986,0.02541,6.68306,0.0,6.830046,
442,6,6.612911,0.021761,6.636208,0.0,6.690964,
443,6,6.578923,0.052964,6.633295,0.0,6.643281,
444,6,7.301698,0.051236,7.354725999999999,0.0,6.640976,
445,6,6.722807,0.02781,6.752953,0.0,7.417738,
446,6,6.649649,0.024066,6.675987,0.0,6.781531,
447,6,6.539752,0.046948,6.588204,0.0,6.68466,
448,6,6.555306,0.021442,6.578284,0.0,6.59502,
449,6,6.629648,0.020289,6.651281,0.0,6.584428,
450,6,7.383336,0.045347,7.430155,0.0,6.657458,
451,6,7.062928,0.05402,7.118996,0.0,7.444364,
452,6,6.983401,0.108617,7.0936829999999995,0.0,7.136757,
453,6,6.632143,0.029763,6.663794,0.0,7.109716,
454,6,6.561834,0.050852,6.614159,0.0,6.673426,
455,6,6.560363,0.025954,6.587757,0.0,6.623151,
456,6,6.865602,0.083078,6.950279999999999,0.0,6.597549,
457,6,6.736439,0.079846,6.8194859999999995,0.0,7.027213,
458,6,6.609294,0.026882,6.637776,0.0,6.831455,
459,6,6.567722,0.055205,6.624399,0.0,6.645809,
460,6,6.62744,0.02541,6.654578000000001,0.0,6.634031,
461,6,6.49655,0.05626,6.55441,0.0,6.662578,
462,6,6.791227,0.084775,6.879233999999999,0.0,6.562187,
463,6,6.657234,0.02637,6.685492,0.0,6.902403,
464,6,6.553257,0.051876,6.606733,0.0,6.694997,
465,6,6.552778,0.021601,6.577323000000001,0.0,6.614126,
466,6,6.571947,0.050852,6.624271,0.0,6.584012,
467,6,6.743767,0.0409,6.7861400000000005,0.0,6.631151,
468,6,6.825662,0.043779,6.873088999999999,0.0,6.799357,
469,6,6.730679,0.027362,6.759608999999999,0.0,6.887778,
470,6,6.635215,0.022562,6.660562,0.0,6.82627,
471,6,6.601741,0.024802,6.6279829999999995,0.0,6.667667,
472,6,6.515654,0.120457,6.637648,0.0,6.635727,
473,6,6.558474,0.054532,6.614606,0.0,6.645617,
474,6,6.923077,0.078534,7.003019,0.0,6.622255,
475,6,6.627184,0.024385,6.653201,0.0,7.01646,
476,6,6.582508,0.072838,6.6568499999999995,0.0,6.662642,
477,6,6.536969,0.021665,6.559946,0.0,6.664146,
478,6,6.649585,0.058276,6.709173,0.0,6.566603,
479,6,6.636944,0.02365,6.6621939999999995,0.0,6.71855,
480,6,6.844128,0.073317,6.918853,0.0,6.668946,
481,6,6.709814,0.026434,6.737944,0.0,6.933094,
482,6,6.752408,0.054532,6.808541000000001,0.0,6.746456,
483,6,6.577036,0.021569,6.601293,0.0,6.848032,
484,6,6.570923,0.050308,6.622671,0.0,6.607726,
485,6,6.600398,0.022593,6.624527,0.0,6.629327,
486,6,6.821758,0.080262,6.903684,0.0,6.633776,
487,6,6.601229,0.023394,6.6263190000000005,0.0,6.917829,
488,6,6.576971,0.053636,6.632015,0.0,6.633936,
489,6,6.592461,0.05482,6.650417,0.0,6.64008,
490,6,6.497509,0.022786,6.521863,0.0,6.659474,
491,6,6.604077,0.026498,6.632144,0.0,6.529063,
492,6,6.880386,0.081734,6.963624,0.0,6.639121,
493,6,6.728375,0.026882,6.756921,0.0,6.980489,
494,6,6.56337,0.052132,6.617102,0.0,6.764954,
495,6,6.548681,0.022594,6.572779,0.0,6.625135,
496,6,6.528456,0.057604,6.589196,0.0,6.637232,
497,6,6.554986,0.021569,6.5779630000000004,0.0,6.596397,
498,6,6.665362,0.087014,6.753848,0.0,6.584876,
499,6,6.926693,0.040931,6.969544,0.0,6.770074,
0,9,7.226813,0.136266,7.365255,0.0,,
1,9,7.350661,0.197775,7.550164,0.0,7.382216,
2,9,7.390184,0.211024,7.603224,0.0,7.572534,
3,9,7.078289,0.103208,7.183161,0.0,7.62441,
4,9,6.93495,0.048708,6.985354,0.0,7.19913,
5,9,6.978473,0.043588,7.023757000000001,0.0,6.999403,
6,9,7.264511,0.064356,7.330339,0.0,7.03579,
7,9,7.739138,0.072486,7.813288,0.0,7.350757,
8,9,7.218139,0.119977,7.341797,0.0,7.832713,
9,9,7.056047,0.051844,7.110868,0.0,7.507857,
10,9,6.962761,0.047299,7.0120759999999995,0.0,7.17068,
11,9,7.353606,0.096743,7.451981,0.0,7.023725,
12,9,7.231229,0.116521,7.349638000000001,0.0,7.468206,
13,9,7.33786,0.090503,7.430027,0.0,7.367847,
14,9,7.048879,0.088038,7.138549,0.0,7.451597,
15,9,6.986858,0.03645,7.024877,0.0,7.15407,
16,9,6.835903,0.061221,6.9001,0.0,7.034382,
17,9,7.01966,0.044996,7.066224,0.0,6.910309,
18,9,7.109363,0.099943,7.2124429999999995,0.0,7.07688,
19,9,7.245566,0.066117,7.314147,0.0,7.328004,
20,9,6.93719,0.079462,7.0187,0.0,7.329476,
21,9,6.866146,0.030818,6.8985,0.0,7.030541,
22,9,6.956712,0.116873,7.077616999999999,0.0,6.968681,
23,9,8.044634,0.126729,8.173250999999999,0.0,7.092914,
24,9,7.410282,0.071781,7.483663,0.0,8.1865,
25,9,7.091986,0.094983,7.18857,0.0,7.499152,
26,9,6.845599,0.123082,6.970345,0.0,7.203515,
27,9,6.970985,0.068773,7.042447,0.0,6.981161,
28,9,7.457486,0.06314,7.522546,0.0,7.059344,
29,9,7.654716,0.082118,7.738467,0.0,7.538899,
30,9,7.422795,0.078118,7.5025129999999995,0.0,7.759044,
31,9,7.236221,0.069125,7.306722,0.0,7.520274,
32,9,7.064464,0.054948,7.120852,0.0,7.322468,
33,9,7.217659,0.094631,7.314178,0.0,7.134613,
34,9,7.23206,0.116745,7.350276999999999,0.0,7.331556,
35,9,7.301186,0.099303,7.402953,0.0,7.430187,
36,9,7.185881,0.056996,7.244605,0.0,7.424747,
37,9,6.889539,0.086246,7.024909,0.0,7.256894,
38,9,7.048527,0.043203,7.093714,0.0,7.035822,
39,9,6.981738,0.05162,7.036078000000001,0.0,7.103635,
40,9,7.506673,0.071141,7.579255,0.0,7.046478,
41,9,7.403337,0.07847,7.483343,0.0,7.59452,
42,9,7.441196,0.076389,7.519121999999999,0.0,7.49976,
43,9,7.281664,0.07831,7.363334,0.0,7.633563,
44,9,7.372615,0.137674,7.511857,0.0,7.381544,
45,9,7.319395,0.121929,7.443309,0.0,7.530386,
46,9,7.309794,0.116425,7.4278189999999995,0.0,7.461518,
47,9,7.244637,0.086439,7.3328999999999995,0.0,7.450573,
48,9,6.913157,0.070821,6.98753,0.0,7.417258,
49,9,6.853248,0.074182,6.929062,0.0,6.998667,
50,9,7.248061,0.078342,7.328131,0.0,6.937447,
51,9,7.608344,0.073542,7.684062,0.0,7.346533,
52,9,7.186617,0.054917,7.243518,0.0,7.701631,
53,9,6.926181,0.031555,6.9592730000000005,0.0,7.255838,
54,9,6.924486,0.02973,6.955752,0.0,6.969385,
55,9,6.896611,0.026882,6.924933,0.0,6.962217,
56,9,7.333124,0.070597,7.405129,0.0,6.931174,
57,9,7.283104,0.107016,7.3917530000000005,0.0,7.42481,
58,9,7.251966,0.064133,7.317859,0.0,7.408554,
59,9,6.996779,0.075397,7.073808,0.0,7.338469,
60,9,6.85728,0.060421,6.919237,0.0,7.082865,
61,9,7.582967,0.085638,7.671261,0.0,6.984266,
62,9,7.740546,0.117129,7.8603309999999995,0.0,7.693055,
63,9,7.503824,0.096232,7.601753,0.0,7.877068,
64,9,6.932838,0.077542,7.0120119999999995,0.0,7.617306,
65,9,6.954375,0.036099,6.99201,0.0,7.022573,
66,9,7.191353,0.064357,7.2574060000000005,0.0,7.039086,
67,9,7.343301,0.075078,7.4199790000000005,0.0,7.272607,
68,9,7.259423,0.075909,7.337028,0.0,7.439724,
69,9,7.040014,0.061541,7.1034749999999995,0.0,7.354822,
70,9,6.993643,0.042819,7.040366000000001,0.0,7.117748,
71,9,6.858432,0.089255,6.949414999999999,0.0,7.050927,
72,9,7.652572,0.069701,7.724033,0.0,6.959048,
73,9,7.140982,0.084742,7.22774,0.0,7.754499,
74,9,6.865665,0.038339,6.906948000000001,0.0,7.329828,
75,9,6.866433,0.086343,6.95444,0.0,6.915973,
76,9,6.876002,0.075974,6.953608,0.0,7.004171,
77,9,7.04571,0.124938,7.17212,0.0,6.963593,
78,9,7.242013,0.110121,7.3539900000000005,0.0,7.190553,
79,9,6.950055,0.080262,7.031981,0.0,7.369479,
80,9,6.985515,0.065924,7.053262999999999,0.0,7.045166,
81,9,6.839712,0.062116,6.90346,0.0,7.064592,
82,9,6.890051,0.029218,6.920773,0.0,6.911877,
83,9,7.199354,0.063749,7.264543,0.0,6.928038,
84,9,7.265823,0.069573,7.337124,0.0,7.280128,
85,9,7.018285,0.037603,7.059952,0.0,7.416362,
86,9,6.90682,0.069734,6.978026,0.0,7.068976,
87,9,6.984361,0.069318,7.056112,0.0,7.053359,
88,9,6.861953,0.069445,6.9329659999999995,0.0,7.064688,
89,9,7.213179,0.065573,7.280832,0.0,6.949448,
90,9,7.156695,0.059556,7.218267000000001,0.0,7.296673,
91,9,6.940487,0.043107,6.985322,0.0,7.263007,
92,9,6.922629,0.041411,6.965319999999999,0.0,6.996139,
93,9,6.888611,0.043043,6.933158,0.0,6.976329,
94,9,7.096242,0.070854,7.168792,0.0,6.944359,
95,9,7.270047,0.107368,7.378951,0.0,7.181529,
96,9,7.04155,0.072037,7.115156,0.0,7.397,
97,9,6.895939,0.033987,6.9312380000000005,0.0,7.124437,
98,9,6.895971,0.032994,6.93031,0.0,6.939878,
99,9,6.902436,0.036643,6.940359,0.0,6.939687,
100,9,7.024621,0.045699,7.072848,0.0,7.008396,
101,9,7.094739,0.064549,7.16092,0.0,7.084849,
102,9,7.015852,0.093415,7.110867,0.0,7.175065,
103,9,7.039438,0.079974,7.12082,0.0,7.120372,
104,9,6.940038,0.036867,6.97873,0.0,7.129268,
105,9,6.915877,0.070149,6.9874979999999995,0.0,6.987403,
106,9,7.220251,0.109737,7.331492,0.0,6.997259,
107,9,6.915973,0.044804,6.962569,0.0,7.353701,
108,9,7.064624,0.044388,7.1103879999999995,0.0,6.972777,
109,9,6.934918,0.036099,6.9726170000000005,0.0,7.122869,
110,9,6.914052,0.035395,6.950952,0.0,6.982249,
111,9,7.826697,0.417215,8.245479999999999,0.0,6.960233,
112,9,8.363633,0.053668,8.420053000000001,0.0,8.368209,
113,9,6.983306,0.034115,7.020269,0.0,8.514044,
114,9,7.057743,0.048004,7.1071550000000006,0.0,7.028718,
115,9,6.976073,0.046243,7.023981,0.0,7.118355,
116,9,7.056336,0.043459,7.101299,0.0,7.035246,
117,9,7.421259,0.062276,7.4850710000000005,0.0,7.113876,
118,9,7.347878,0.062244,7.411946,0.0,7.499152,
119,9,7.395304,0.059333,7.45659,0.0,7.427403,
120,9,7.049967,0.041603,7.09573,0.0,7.471663,
121,9,6.968809,0.041347,7.01166,0.0,7.106995,
122,9,7.972244,0.049443,8.023255,0.0,7.022893,
123,9,7.287393,0.074661,7.363718,0.0,8.034296,
124,9,7.165879,0.1082,7.275551,0.0,7.380552,
125,9,7.12434,0.226833,7.352869,0.0,7.290593,
126,9,7.392649,0.107208,7.502673,0.0,7.429995,
127,9,7.051503,0.141227,7.194426,0.0,7.524818,
128,9,6.95188,0.037346,6.990826,0.0,7.207707,
129,9,6.904324,0.039043,6.944807,0.0,7.001003,
130,9,6.874402,0.039779,6.916132999999999,0.0,6.9538,
131,9,7.209787,0.093127,7.304578,0.0,6.924517,
132,9,7.303298,0.087142,7.3919440000000005,0.0,7.315555,
133,9,7.11362,0.047268,7.162168,0.0,7.404457,
134,9,7.115379,0.042916,7.159768000000001,0.0,7.173176,
135,9,6.824126,0.038051,6.8636490000000006,0.0,7.168792,
136,9,7.054191,0.080134,7.135764999999999,0.0,6.872066,
137,9,7.177497,0.112552,7.2915209999999995,0.0,7.147606,
138,9,7.03067,0.048387,7.080625,0.0,7.306626,
139,9,6.961224,0.039971,7.005483,0.0,7.179449,
140,9,6.96356,0.034563,6.999690999999999,0.0,7.023245,
141,9,6.917894,0.035938,6.955208,0.0,7.006987,
142,9,7.157079,0.122889,7.281472,0.0,6.963561,
143,9,7.288609,0.0553,7.345413000000001,0.0,7.292673,
144,9,7.075089,0.036003,7.112948,0.0,7.359718,
145,9,6.843168,0.032674,6.877314,0.0,7.121204,
146,9,6.974505,0.036995,7.012812,0.0,6.884163,
147,9,6.830559,0.062852,6.895299,0.0,7.055695,
148,9,6.937191,0.042659,6.981098,0.0,6.902628,
149,9,8.667944,0.147851,8.864662000000001,0.0,7.063024,
150,9,7.285153,0.062245,7.350118,0.0,8.888632,
151,9,7.016972,0.086215,7.105010999999999,0.0,7.366375,
152,9,7.013004,0.141931,7.158167,0.0,7.185721,
153,9,6.932806,0.086471,7.021293,0.0,7.171288,
154,9,7.135445,0.078054,7.2152270000000005,0.0,7.03563,
155,9,6.878658,0.077318,6.959784,0.0,7.231676,
156,9,7.01326,0.071334,7.086258,0.0,6.970889,
157,9,6.866305,0.03405,6.902212,0.0,7.094962,
158,9,6.930086,0.066309,6.997899,0.0,6.911365,
159,9,7.27728,0.061316,7.340228,0.0,7.007148,
160,9,7.171736,0.063108,7.236829,0.0,7.355653,
161,9,6.920934,0.081478,7.00414,0.0,7.25107,
162,9,7.176344,0.05738,7.235356,0.0,7.015117,
163,9,6.913988,0.04986,6.9654799999999994,0.0,7.250462,
164,9,7.697248,0.664017,8.362737000000001,0.0,6.979497,
165,9,8.765391,0.057348,8.826484,0.0,8.884632,
166,9,6.968905,0.034851,7.005292,0.0,8.840533,
167,9,6.911621,0.031778,6.944775,0.0,7.01454,
168,9,6.939879,0.036419,6.979273999999999,0.0,6.952552,
169,9,6.892772,0.032034,6.927525999999999,0.0,6.988458,
170,9,7.026605,0.058756,7.087825,0.0,6.936007,
171,9,7.118228,0.092391,7.212187,0.0,7.10085,
172,9,6.965865,0.072037,7.0393740000000005,0.0,7.225468,
173,9,6.864737,0.036323,6.902788,0.0,7.049423,
174,9,6.892515,0.032323,6.926278,0.0,6.917541,
175,9,7.017388,0.083526,7.102355,0.0,6.933542,
176,9,7.466734,0.069925,7.538163,0.0,7.111092,
177,9,7.104723,0.076901,7.1834489999999995,0.0,7.553524,
178,9,6.961737,0.037666,7.001995,0.0,7.258975,
179,9,6.867105,0.061637,6.930182,0.0,7.010444,
180,9,6.928645,0.063525,6.9935789999999995,0.0,6.937638,
181,9,7.153175,0.049091,7.20361,0.0,7.001612,
182,9,7.124757,0.08231,7.208635,0.0,7.213339,
183,9,6.838303,0.03549,6.87517,0.0,7.218939,
184,9,6.918021,0.038179,6.957447999999999,0.0,6.883331,
185,9,6.871233,0.033507,6.90618,0.0,6.965545,
186,9,6.960233,0.040259,7.001836,0.0,6.913764,
187,9,7.056848,0.05178,7.11026,0.0,7.012044,
188,9,6.909412,0.039043,6.949991,0.0,7.122517,
189,9,6.874498,0.031362,6.907204,0.0,6.9586,
190,9,6.936614,0.036707,6.974824999999999,0.0,6.914597,
191,9,7.105491,0.083718,7.191641000000001,0.0,7.041294,
192,9,6.996747,0.068869,7.068144,0.0,7.201562,
193,9,7.049295,0.05338,7.104051,0.0,7.078417,
194,9,7.004524,0.075525,7.0815529999999995,0.0,7.117556,
195,9,6.845216,0.040259,6.886915,0.0,7.09093,
196,9,7.102866,0.044356,7.149431000000001,0.0,6.894947,
197,9,6.901283,0.037411,6.940167,0.0,7.159543,
198,9,8.899993,0.479204,9.380764999999998,0.0,6.949128,
199,9,7.782022,0.055268,7.83985,0.0,9.45149,
200,9,6.982058,0.038307,7.022029,0.0,7.852267,
201,9,6.882466,0.037635,6.923013,0.0,7.031982,
202,9,6.874882,0.034691,6.912069,0.0,6.937446,
203,9,6.905124,0.087206,6.9937380000000005,0.0,6.921702,
204,9,7.09749,0.054788,7.154454,0.0,7.025037,
205,9,8.494555,0.065797,8.562176,0.0,7.166839,
206,9,7.317251,0.116104,7.434987,0.0,8.580514,
207,9,6.928261,0.10132,7.031118,0.0,7.450764,
208,9,7.096786,0.042371,7.140629,0.0,7.042479,
209,9,8.752719,0.14081,8.895161,0.0,7.151222,
210,9,7.178009,0.175917,7.355558,0.0,8.906874,
211,9,7.317475,0.07751,7.396713,0.0,7.371303,
212,9,7.24835,0.109224,7.359462,0.0,7.413226,
213,9,7.150039,0.10596,7.257791,0.0,7.375559,
214,9,6.967689,0.042979,7.013068,0.0,7.273792,
215,9,6.899204,0.08023,6.98081,0.0,7.024525,
216,9,6.836511,0.071014,6.909445,0.0,6.99089,
217,9,6.82675,0.034722,6.864609,0.0,6.983722,
218,9,7.235837,0.067525,7.3048660000000005,0.0,6.873986,
219,9,6.98641,0.044612,7.034254,0.0,7.318531,
220,9,6.793307,0.07831,6.873281,0.0,7.044751,
221,9,6.928134,0.043907,6.973385,0.0,6.88253,
222,9,6.901188,0.035651,6.9382790000000005,0.0,6.984074,
223,9,6.882083,0.039266,6.922597,0.0,6.946023,
224,9,7.079729,0.05306,7.134517,0.0,6.931078,
225,9,7.029421,0.076358,7.107508,0.0,7.14911,
226,9,6.880418,0.033698,6.915525,0.0,7.11874,
227,9,6.940903,0.063493,7.005804,0.0,6.92471,
228,9,6.831359,0.10484,6.937607,0.0,7.014508,
229,9,6.924965,0.07751,7.003788,0.0,6.946055,
230,9,7.115892,0.089031,7.207483,0.0,7.070065,
231,9,7.009611,0.036739,7.047887,0.0,7.219067,
232,9,6.911844,0.07015,6.98337,0.0,7.05608,
233,9,6.868098,0.030914,6.900227999999999,0.0,6.991242,
234,9,6.885539,0.07959,6.966505,0.0,6.913509,
235,9,6.917381,0.037027,6.955687999999999,0.0,6.973257,
236,9,7.138869,0.083431,7.2238679999999995,0.0,6.964585,
237,9,6.963049,0.033698,6.9981230000000005,0.0,7.233404,
238,9,6.968265,0.070053,7.039598,0.0,7.006444,
239,9,6.824478,0.061445,6.887363,0.0,7.048431,
240,9,6.870882,0.03021,6.90234,0.0,6.894915,
241,9,7.131477,0.098503,7.232604,0.0,6.909189,
242,9,7.051279,0.036803,7.089906,0.0,7.246397,
243,9,6.929702,0.03165,6.964072,0.0,7.163704,
244,9,6.977641,0.069957,7.050126000000001,0.0,6.971017,
245,9,6.866625,0.033187,6.9013160000000005,0.0,7.058671,
246,9,7.028109,0.068165,7.097587,0.0,6.90858,
247,9,7.206682,0.05754,7.265471,0.0,7.105011,
248,9,7.301057,0.108072,7.41073,0.0,7.277888,
249,9,7.221819,0.04826,7.271712,0.0,7.426571,
250,9,7.011564,0.040579,7.054319,0.0,7.283777,
251,9,6.928166,0.080806,7.0103159999999995,0.0,7.06344,
252,9,7.38516,0.080006,7.466958,0.0,7.021869,
253,9,7.104179,0.161356,7.267071,0.0,7.483471,
254,9,7.224156,0.042659,7.268447,0.0,7.281664,
255,9,7.256287,0.049123,7.306818,0.0,7.278528,
256,9,6.964456,0.040579,7.0077869999999995,0.0,7.363655,
257,9,6.87533,0.063397,6.940167,0.0,7.017196,
258,9,7.041326,0.057637,7.100595,0.0,6.984042,
259,9,6.902628,0.041699,6.946151,0.0,7.132469,
260,9,6.847264,0.034978,6.884866,0.0,6.955624,
261,9,6.980586,0.043747,7.025709,0.0,6.893347,
262,9,6.827326,0.034627,6.863521,0.0,7.035662,
263,9,6.992298,0.045508,7.039054,0.0,6.871714,
264,9,6.986698,0.092679,7.080977,0.0,7.050671,
265,9,6.875394,0.039011,6.915845,0.0,7.092754,
266,9,6.882499,0.052548,6.936391,0.0,6.924773,
267,9,6.936231,0.034946,6.9733529999999995,0.0,6.944455,
268,9,6.944103,0.038595,6.98401,0.0,6.982698,
269,9,7.265727,0.052772,7.320868,0.0,7.056047,
270,9,6.966185,0.037091,7.004748,0.0,7.340261,
271,9,6.879619,0.033026,6.913925,0.0,7.013516,
272,9,6.887683,0.029922,6.919492999999999,0.0,6.921574,
273,9,6.795004,0.034051,6.830463,0.0,6.927205,
274,9,6.907236,0.032162,6.94087,0.0,6.83984,
275,9,7.112948,0.051428,7.165624,0.0,6.949511,
276,9,6.838367,0.03629,6.876194000000001,0.0,7.176792,
277,9,6.923334,0.031746,6.956455999999999,0.0,6.885283,
278,9,6.902212,0.030498,6.935046,0.0,6.963753,
279,9,6.807517,0.037154,6.846207,0.0,6.943015,
280,9,6.915013,0.041219,6.957864,0.0,6.855904,
281,9,6.972553,0.045668,7.019692999999999,0.0,6.967145,
282,9,7.086545,0.046756,7.136245000000001,0.0,7.086898,
283,9,7.076241,0.045155,7.123124,0.0,7.147254,
284,9,6.902884,0.036067,6.940647,0.0,7.136757,
285,9,6.947047,0.036035,6.984298,0.0,6.949,
286,9,6.878051,0.038818,6.918277,0.0,6.99265,
287,9,6.983722,0.096071,7.081201,0.0,6.928038,
288,9,7.182872,0.091527,7.275679,0.0,7.095187,
289,9,6.96052,0.040067,7.002059,0.0,7.291969,
290,9,6.880098,0.037955,6.919365,0.0,7.011436,
291,9,7.024621,0.044003,7.069904,0.0,6.930598,
292,9,7.060464,0.063268,7.12514,0.0,7.079857,
293,9,7.126612,0.056485,7.184761,0.0,7.140374,
294,9,7.12498,0.1042,7.230716,0.0,7.197178,
295,9,7.042286,0.063525,7.108531,0.0,7.306306,
296,9,7.247934,0.065253,7.314627,0.0,7.123604,
297,9,7.069392,0.076102,7.147317999999999,0.0,7.328324,
298,9,6.859329,0.069413,6.932805999999999,0.0,7.159767,
299,9,6.874914,0.115753,6.992491,0.0,6.942727,
300,9,6.825919,0.041187,6.868514,0.0,7.001515,
301,9,6.942758,0.04874,6.992907,0.0,6.877602,
302,9,7.066864,0.07303,7.141622,0.0,7.003084,
303,9,7.066288,0.056996,7.124788,0.0,7.156215,
304,9,7.026382,0.049699,7.077840999999999,0.0,7.137365,
305,9,6.841152,0.03661,6.879394,0.0,7.088946,
306,9,6.877474,0.062565,6.941351,0.0,6.924422,
307,9,7.102707,0.053828,7.157814999999999,0.0,6.949191,
308,9,6.968969,0.041891,7.013324,0.0,7.237341,
309,9,6.868738,0.087654,6.95812,0.0,7.022797,
310,9,6.865954,0.031618,6.89898,0.0,6.972585,
311,9,6.981769,0.034979,7.0190850000000005,0.0,6.906788,
312,9,6.865825,0.044771,6.912036,0.0,7.028974,
313,9,7.071185,0.050948,7.123861000000001,0.0,6.920453,
314,9,6.875233,0.032803,6.909733,0.0,7.135445,
315,9,6.952263,0.030627,6.98417,0.0,6.917862,
316,9,6.82083,0.065701,6.888802999999999,0.0,7.033357,
317,9,6.983818,0.035907,7.020973,0.0,6.89594,
318,9,6.933703,0.040867,6.976042,0.0,7.030189,
319,9,7.22406,0.050692,7.276064,0.0,6.985194,
320,9,6.989995,0.041315,7.033486,0.0,7.287809,
321,9,7.098578,0.042915,7.142965,0.0,7.043823,
322,9,6.882627,0.032962,6.917093,0.0,7.151606,
323,9,6.948711,0.034307,6.985034000000001,0.0,6.924582,
324,9,6.895043,0.038403,6.934887,0.0,6.994218,
325,9,7.045774,0.085319,7.132501,0.0,6.944232,
326,9,7.056687,0.034019,7.092082,0.0,7.143894,
327,9,6.841151,0.068773,6.911429,0.0,7.130228,
328,9,6.872609,0.065445,6.939398000000001,0.0,6.919398,
329,9,6.903716,0.036579,6.941542999999999,0.0,6.946631,
330,9,7.152726,0.055076,7.209626999999999,0.0,6.950503,
331,9,7.268448,0.062244,7.332356,0.0,7.221212,
332,9,7.104691,0.054437,7.160824,0.0,7.346309,
333,9,6.926501,0.039971,6.968073,0.0,7.173208,
334,9,6.938055,0.035874,7.009995,0.0,7.037423,
335,9,6.935206,0.085735,7.022317,0.0,7.055279,
336,9,7.052079,0.0553,7.1087880000000006,0.0,7.031597,
337,9,6.984458,0.037507,7.023340999999999,0.0,7.119957,
338,9,7.00334,0.035618,7.040206,0.0,7.031725,
339,9,6.827102,0.036387,6.864897,0.0,7.048367,
340,9,6.920485,0.031971,6.95396,0.0,6.872962,
341,9,6.974538,0.047011,7.023245,0.0,6.961928,
342,9,6.987818,0.090503,7.0797930000000004,0.0,7.032814,
343,9,6.866881,0.068229,6.936934,0.0,7.091922,
344,9,6.888003,0.061669,6.95108,0.0,6.945351,
345,9,6.851713,0.030242,6.883267,0.0,6.95972,
346,9,7.000555,0.039299,7.041231,0.0,6.891747,
347,9,7.181465,0.049956,7.233661,0.0,7.110708,
348,9,7.06904,0.036739,7.107379,0.0,7.246398,
349,9,6.861216,0.033251,6.895875,0.0,7.116724,
350,9,6.879714,0.030914,6.911876,0.0,6.90314,
351,9,6.945671,0.035587,6.982538,0.0,6.952135,
352,9,6.876418,0.067685,6.946727,0.0,7.019597,
353,9,7.046351,0.125257,7.1729840000000005,0.0,6.95684,
354,9,6.971017,0.034243,7.006636,0.0,7.185177,
355,9,6.876162,0.029954,6.9075239999999996,0.0,7.020653,
356,9,6.752344,0.028994,6.782617999999999,0.0,6.914533,
357,9,6.95828,0.035907,6.995403,0.0,6.790075,
358,9,6.928261,0.040067,6.969672,0.0,7.003308,
359,9,7.133685,0.050628,7.185752999999999,0.0,6.978889,
360,9,6.948424,0.071525,7.022541,0.0,7.224284,
361,9,6.879138,0.137866,7.0187,0.0,7.03163,
362,9,6.796284,0.061413,6.859489,0.0,7.027213,
363,9,6.960841,0.038275,7.0004919999999995,0.0,6.868129,
364,9,6.875554,0.040867,6.918181,0.0,7.009004,
365,9,6.949672,0.041315,6.9926509999999995,0.0,6.927078,
366,9,7.041614,0.032034,7.07496,0.0,7.00318,
367,9,7.1109,0.048099,7.160375,0.0,7.083217,
368,9,6.967881,0.157836,7.1271249999999995,0.0,7.171288,
369,9,6.936614,0.079846,7.018059999999999,0.0,7.138134,
370,9,7.214075,0.056388,7.271935,0.0,7.028749,
371,9,7.346629,0.114568,7.463918,0.0,7.284224,
372,9,7.092946,0.054372,7.14911,0.0,7.481104,
373,9,7.061776,0.085094,7.14959,0.0,7.22886,
374,9,6.905348,0.08103,6.987690000000001,0.0,7.159191,
375,9,8.524926,0.056356,8.582786,0.0,7.000523,
376,9,7.193338,0.059652,7.254366,0.0,8.596483,
377,9,7.277024,0.099688,7.378184,0.0,7.268735,
378,9,7.132597,0.101352,7.235709,0.0,7.392585,
379,9,7.196506,0.062852,7.260733999999999,0.0,7.250814,
380,9,7.113843,0.0457,7.16108,0.0,7.274559,
381,9,6.816445,0.07623,6.8942120000000005,0.0,7.171416,
382,9,6.872801,0.034019,6.909732,0.0,6.904165,
383,9,6.876162,0.037283,6.915140999999999,0.0,6.918277,
384,9,6.989451,0.050851,7.041646,0.0,6.923589,
385,9,7.108948,0.092999,7.2036430000000005,0.0,7.051727,
386,9,6.936678,0.069382,7.008684000000001,0.0,7.270784,
387,9,6.825599,0.068293,6.8953,0.0,7.017932,
388,9,6.872194,0.030306,6.903748,0.0,6.903492,
389,9,7.06552,0.033059,7.099827,0.0,6.912133,
390,9,7.228477,0.05274,7.282465,0.0,7.108115,
391,9,6.930566,0.034242,6.9664719999999996,0.0,7.296322,
392,9,6.758745,0.034243,6.794236000000001,0.0,6.976489,
393,9,6.937894,0.030306,6.969576,0.0,6.802557,
394,9,6.969705,0.037187,7.008108,0.0,6.976777,
395,9,6.99233,0.076838,7.070608,0.0,7.018349,
396,9,7.099699,0.096743,7.198234,0.0,7.080177,
397,9,7.006892,0.037987,7.046479,0.0,7.211771,
398,9,6.859201,0.033475,6.893955999999999,0.0,7.056591,
399,9,6.856416,0.030915,6.8899230000000005,0.0,6.960745,
400,9,6.903812,0.030819,6.935911,0.0,6.897411,
401,9,6.902916,0.139499,7.043599,0.0,6.942663,
402,9,7.059183,0.084871,7.145943,0.0,7.054383,
403,9,7.007595,0.070598,7.0796339999999995,0.0,7.157591,
404,9,6.947208,0.040387,6.989387,0.0,7.088306,
405,9,6.854625,0.037859,6.894052,0.0,6.998219,
406,9,6.95556,0.043203,7.000491,0.0,6.908709,
407,9,7.515698,0.055844,7.5729500000000005,0.0,7.0107,
408,9,6.988554,0.040131,7.030285,0.0,7.585559,
409,9,6.959784,0.044132,7.00638,0.0,7.040302,
410,9,6.957384,0.035938,6.994826,0.0,7.017389,
411,9,6.901348,0.032546,6.935238,0.0,7.002699,
412,9,7.008364,0.039619,7.050223000000001,0.0,6.997675,
413,9,7.078865,0.097319,7.1774960000000005,0.0,7.058736,
414,9,7.167256,0.097799,7.266687,0.0,7.189561,
415,9,7.236349,0.051108,7.289121,0.0,7.279712,
416,9,6.865537,0.037379,6.906116,0.0,7.301122,
417,9,6.893443,0.031747,6.926662,0.0,6.915589,
418,9,7.16524,0.114441,7.281025,0.0,6.934694,
419,9,7.271423,0.087975,7.405641999999999,0.0,7.291969,
420,9,7.015885,0.074405,7.093042,0.0,7.418091,
421,9,6.862113,0.067173,6.931239,0.0,7.163575,
422,9,6.918374,0.03405,6.953896,0.0,6.940999,
423,9,6.831166,0.035939,6.868577,0.0,6.961705,
424,9,7.134645,0.131466,7.267519,0.0,6.877858,
425,9,6.918341,0.039075,6.960201,0.0,7.338788,
426,9,6.912805,0.038019,6.9522960000000005,0.0,6.968553,
427,9,6.860705,0.070757,6.932869999999999,0.0,6.960617,
428,9,6.886915,0.120041,7.008908,0.0,6.942151,
429,9,7.05672,0.121993,7.179993,0.0,7.018252,
430,9,7.410378,0.05434,7.4664470000000005,0.0,7.226556,
431,9,6.935014,0.036067,6.9724569999999995,0.0,7.478416,
432,9,6.921445,0.040451,6.963177,0.0,6.981865,
433,9,6.861345,0.034146,6.896931,0.0,6.973194,
434,9,6.921381,0.032419,6.955016,0.0,6.9057,
435,9,7.089394,0.083238,7.174232,0.0,6.964329,
436,9,7.052559,0.051204,7.105715,0.0,7.185817,
437,9,7.032334,0.129673,7.163703000000001,0.0,7.1173,
438,9,6.918502,0.03325,6.95428,0.0,7.229596,
439,9,6.918885,0.031874,6.952071,0.0,6.961833,
440,9,6.931462,0.033731,6.966665000000001,0.0,6.959368,
441,9,7.165944,0.048964,7.21638,0.0,6.974505,
442,9,7.000555,0.038083,7.040109999999999,0.0,7.229117,
443,9,6.947815,0.074246,7.0234700000000005,0.0,7.048494,
444,9,6.911557,0.073093,6.986058,0.0,7.03259,
445,9,7.008492,0.035971,7.046287,0.0,6.995467,
446,9,7.037966,0.040547,7.080178,0.0,7.054703,
447,9,7.130965,0.059428,7.191802,0.0,7.090258,
448,9,6.825566,0.039715,6.866721,0.0,7.205083,
449,9,6.907013,0.030626,6.9391110000000005,0.0,6.876546,
450,9,6.721174,0.028322,6.750744,0.0,6.947944,
451,9,6.92647,0.032994,6.961704,0.0,6.816317,
452,9,8.322734,0.044708,8.368914,0.0,6.970665,
453,9,7.136502,0.052676,7.190714,0.0,8.416469,
454,9,6.9001,0.038467,6.940199,0.0,7.203067,
455,9,6.934567,0.036194,6.972201,0.0,6.950439,
456,9,7.084018,0.033122,7.118580000000001,0.0,6.982378,
457,9,6.904068,0.034435,6.939815,0.0,7.126389,
458,9,7.118069,0.053732,7.173241,0.0,6.948199,
459,9,7.044238,0.037411,7.083057999999999,0.0,7.185273,
460,9,6.95492,0.038819,6.995114999999999,0.0,7.092467,
461,9,6.99982,0.075077,7.076305,0.0,7.004139,
462,9,6.896483,0.032547,6.9303740000000005,0.0,7.084626,
463,9,7.064816,0.09716,7.163544,0.0,6.946439,
464,9,7.209307,0.053252,7.2651829999999995,0.0,7.235805,
465,9,6.982378,0.039683,7.024301,0.0,7.275328,
466,9,6.903044,0.034754,6.9392059999999995,0.0,7.034286,
467,9,6.92119,0.036578,6.959528000000001,0.0,6.947367,
468,9,6.946279,0.040099,6.988074,0.0,6.966825,
469,9,6.937287,0.066085,7.00478,0.0,6.997259,
470,9,7.11378,0.087367,7.2026829999999995,0.0,7.01582,
471,9,6.909156,0.073958,6.98465,0.0,7.21366,
472,9,6.89002,0.068965,6.960297,0.0,6.99377,
473,9,6.931015,0.064068,6.996491,0.0,6.968681,
474,9,6.804285,0.032898,6.838591,0.0,7.005164,
475,9,7.04283,0.048772,7.09285,0.0,6.845952,
476,9,6.97921,0.037922,7.018764,0.0,7.103667,
477,9,7.028621,0.032131,7.063504,0.0,7.086962,
478,9,6.902372,0.034947,6.938503000000001,0.0,7.071024,
479,9,6.910757,0.033859,6.946056,0.0,6.946247,
480,9,6.898435,0.035523,6.936774,0.0,6.985419,
481,9,7.145783,0.043843,7.191098,0.0,6.979753,
482,9,6.972905,0.07463,7.049167000000001,0.0,7.201051,
483,9,6.877442,0.062693,6.941575,0.0,7.057743,
484,9,7.003179,0.035139,7.039566,0.0,6.949096,
485,9,6.861088,0.034371,6.8968359999999995,0.0,7.047438,
486,9,6.882754,0.038531,6.922725,0.0,6.904613,
487,9,6.996491,0.041923,7.04059,0.0,6.931494,
488,9,7.041134,0.036355,7.079505,0.0,7.049327,
489,9,6.854336,0.069957,6.925701,0.0,7.087218,
490,9,6.791644,0.083718,6.877922,0.0,6.990762,
491,9,6.869378,0.061508,6.932294000000001,0.0,6.887171,
492,9,6.9546,0.072741,7.028620999999999,0.0,6.939751,
493,9,6.982922,0.039907,7.025933,0.0,7.105779,
494,9,6.844928,0.033186,6.879554000000001,0.0,7.035406,
495,9,6.93159,0.031234,6.964168,0.0,6.887235,
496,9,6.912325,0.030914,6.9444550000000005,0.0,6.971177,
497,9,6.931463,0.033474,6.966281,0.0,6.951143,
498,9,7.058895,0.081671,7.141909999999999,0.0,6.974186,
499,9,6.910212,0.034275,6.948392,0.0,7.153014,
0,12,7.198682,0.244754,7.445708,0.0,,
1,12,7.501552,0.097928,7.601528,0.0,7.474223,
2,12,7.128085,0.063141,7.192666,0.0,7.622777,
3,12,7.200027,0.060996,7.263103,0.0,7.260543,
4,12,7.292161,0.10772,7.401225,0.0,7.273344,
5,12,7.428748,0.256499,7.687007,0.0,7.414218,
6,12,7.703136,0.13377,7.838378,0.0,7.701952,
7,12,7.34919,0.117993,7.470319,0.0,7.853355,
8,12,7.269919,0.096072,7.367399,0.0,7.485712,
9,12,7.152374,0.088135,7.242877,0.0,7.382312,
10,12,7.239581,0.062021,7.3029139999999995,0.0,7.251966,
11,12,7.436972,0.125673,7.564278,0.0,7.312962,
12,12,7.282945,0.061348,7.347077,0.0,7.579031,
13,12,7.202075,0.15806,7.361351,0.0,7.358374,
14,12,7.126421,0.051076,7.178905,0.0,7.370983,
15,12,7.23334,0.102888,7.337445,0.0,7.186361,
16,12,8.033529,0.103047,8.138688,0.0,7.401098,
17,12,7.450445,0.092455,7.545908,0.0,8.178691,
18,12,7.494672,0.127081,7.623482,0.0,7.560821,
19,12,7.329219,0.115625,7.446701,0.0,7.637627,
20,12,7.478639,0.08119,7.561204999999999,0.0,7.459598,
21,12,7.380264,0.132906,7.514673999999999,0.0,7.573814,
22,12,7.775078,0.111944,7.89051,0.0,7.528755,
23,12,7.415178,0.203695,7.620729,0.0,7.910096,
24,12,7.429419,0.077414,7.50885,0.0,7.636186,
25,12,7.357158,0.11348,7.472174,0.0,7.520339,
26,12,7.428875,0.083559,7.51541,0.0,7.506417,
27,12,7.54482,0.100072,7.646972,0.0,7.533971,
28,12,7.474543,0.105864,7.582999,0.0,7.665277,
29,12,7.298594,0.069061,7.370471,0.0,7.62553,
30,12,7.345317,0.061029,7.407946,0.0,7.381,
31,12,7.294625,0.086919,7.385257,0.0,7.417322,
32,12,8.599843,0.107144,8.708652,0.0,7.397385,
33,12,7.38772,0.134666,7.530803,0.0,9.129963,
34,12,7.344485,0.085607,7.431756,0.0,7.543572,
35,12,7.324003,0.074598,7.400457,0.0,7.444589,
36,12,7.359334,0.113801,7.474799,0.0,7.414506,
37,12,7.997014,0.102791,8.104125,0.0,7.487504,
38,12,7.57183,0.091463,7.664988999999999,0.0,8.125599,
39,12,7.489296,0.106056,7.600855999999999,0.0,7.716225,
40,12,7.393704,0.090855,7.4866719999999995,0.0,7.618361,
41,12,7.245342,0.066949,7.314019,0.0,7.502545,
42,12,7.377768,0.209936,7.590776,0.0,7.382312,
43,12,7.678302,0.114953,7.794950999999999,0.0,7.604473,
44,12,7.901199,0.225649,8.128639999999999,0.0,7.815272,
45,12,8.076284,0.239218,8.318222,0.0,8.18378,
46,12,7.476591,0.099687,7.57871,0.0,8.424694,
47,12,7.325764,0.076773,7.404585,0.0,7.614041,
48,12,7.292993,0.18763,7.482256,0.0,7.417194,
49,12,7.239325,0.06042,7.301249,0.0,7.494001,
50,12,7.740419,0.207824,7.949714999999999,0.0,7.312898,
51,12,7.60444,0.092615,7.699455,0.0,8.003031,
52,12,7.284257,0.090055,7.3762,0.0,7.713312,
53,12,7.257023,0.109192,7.367527,0.0,7.384328,
54,12,7.14447,0.090375,7.236637,0.0,7.376392,
55,12,7.113492,0.05994,7.1764719999999995,0.0,7.319011,
56,12,7.294914,0.118344,7.414698,0.0,7.185561,
57,12,7.548916,0.086663,7.637307000000001,0.0,7.431948,
58,12,7.31021,0.088967,7.400713,0.0,7.65046,
59,12,7.120405,0.082502,7.204699,0.0,7.419274,
60,12,7.230172,0.060101,7.2916810000000005,0.0,7.21542,
61,12,7.245981,0.095784,7.343557,0.0,7.301506,
62,12,7.569494,0.117737,7.6888950000000005,0.0,7.352741,
63,12,7.236541,0.077574,7.315843,0.0,7.702144,
64,12,7.210235,0.064549,7.276384,0.0,7.324836,
65,12,7.272127,0.085063,7.359239,0.0,7.286272,
66,12,7.153846,0.047396,7.202619,0.0,7.369895,
67,12,7.631098,0.088295,7.720834,0.0,7.210427,
68,12,7.235229,0.054852,7.291777,0.0,7.735267,
69,12,7.155031,0.093223,7.249694,0.0,7.30029,
70,12,7.194266,0.078438,7.274112,0.0,7.25747,
71,12,7.052975,0.053956,7.108403999999999,0.0,7.281248,
72,12,7.243038,0.065957,7.310403,0.0,7.115348,
73,12,7.428683,0.085958,7.5165939999999996,0.0,7.330884,
74,12,7.421451,0.137866,7.561237,0.0,7.53266,
75,12,7.342725,0.066501,7.41121,0.0,7.57967,
76,12,7.324804,0.087718,7.413962,0.0,7.422891,
77,12,7.134422,0.081542,7.217692,0.0,7.423403,
78,12,7.489807,0.09556,7.5867759999999995,0.0,7.22726,
79,12,7.423499,0.078886,7.504529000000001,0.0,7.601785,
80,12,7.235293,0.05706,7.293857,0.0,7.516434,
81,12,7.19129,0.050404,7.244158,0.0,7.362694,
82,12,7.215836,0.052708,7.270016,0.0,7.253918,
83,12,7.265023,0.098599,7.365127,0.0,7.278176,
84,12,7.318723,0.117801,7.439532,0.0,7.37524,
85,12,7.120757,0.050979,7.173719999999999,0.0,7.454349,
86,12,7.053392,0.089734,7.144501999999999,0.0,7.183289,
87,12,7.181241,0.080646,7.263295,0.0,7.152151,
88,12,7.268703,0.068741,7.338853,0.0,7.271231,
89,12,7.96018,0.067717,8.029561,0.0,7.35511,
90,12,7.22166,0.080806,7.304035000000001,0.0,8.041657,
91,12,7.106195,0.051492,7.159543,0.0,7.317796,
92,12,7.336164,0.04922,7.386792,0.0,7.168824,
93,12,7.168471,0.082119,7.252127,0.0,7.396168,
94,12,7.228349,0.050403,7.280928,0.0,7.310819,
95,12,7.477039,0.082214,7.560661,0.0,7.289153,
96,12,7.396265,0.052484,7.450381,0.0,7.573974,
97,12,7.301666,0.052932,7.35607,0.0,7.45899,
98,12,7.189849,0.048004,7.239902000000001,0.0,7.365542,
99,12,7.237629,0.04698,7.286145,0.0,7.24707,
100,12,7.705408,0.064196,7.770981,0.0,7.293633,
101,12,7.298882,0.075014,7.375464,0.0,7.781254,
102,12,7.206843,0.051395,7.261727,0.0,7.387592,
103,12,7.170296,0.10596,7.278048,0.0,7.270368,
104,12,7.280768,0.123241,7.405769,0.0,7.286689,
105,12,7.332261,0.102951,7.436844,0.0,7.41697,
106,12,7.361063,0.098855,7.461774,0.0,7.447757,
107,12,7.409225,0.087431,7.499985,0.0,7.548052,
108,12,7.277408,0.112201,7.391241,0.0,7.513906,
109,12,7.201658,0.100168,7.303298,0.0,7.403402,
110,12,7.205915,0.056868,7.265439000000001,0.0,7.331172,
111,12,7.298721,0.106568,7.406889,0.0,7.27616,
112,12,7.340357,0.124681,7.466862,0.0,7.41905,
113,12,7.330436,0.074885,7.40705,0.0,7.480815,
114,12,7.33146,0.098056,7.431115999999999,0.0,7.420267,
115,12,7.12626,0.084167,7.211963,0.0,7.441773,
116,12,7.249597,0.059813,7.3109150000000005,0.0,7.220795,
117,12,7.430571,0.154668,7.586711,0.0,7.32186,
118,12,7.4836,0.137994,7.623578,0.0,7.602168,
119,12,7.300002,0.075302,7.377288,0.0,7.640283,
120,12,7.303042,0.097511,7.405226,0.0,7.450829,
121,12,7.128533,0.091111,7.221115999999999,0.0,7.415595,
122,12,7.505617,0.209328,7.716449,0.0,7.231196,
123,12,7.491408,0.152748,7.6457239999999995,0.0,7.731906,
124,12,7.675358,0.161324,7.83857,0.0,7.661245,
125,12,7.729794,0.090982,7.822951999999999,0.0,7.85998,
126,12,7.318307,0.090471,7.41073,0.0,7.858987,
127,12,7.158423,0.081542,7.241406,0.0,7.426795,
128,12,7.191994,0.112105,7.3056350000000005,0.0,7.249534,
129,12,7.264191,0.097064,7.362823,0.0,7.314915,
130,12,7.28432,0.103624,7.389449,0.0,7.373351,
131,12,7.41169,0.08503,7.49816,0.0,7.40193,
132,12,7.370311,0.084198,7.45627,0.0,7.512241,
133,12,7.145974,0.089799,7.237309,0.0,7.467055,
134,12,7.183321,0.05786,7.24259,0.0,7.246397,
135,12,7.129077,0.097575,7.228188,0.0,7.251711,
136,12,7.506801,0.119689,7.628218,0.0,7.236797,
137,12,7.493968,0.10868,7.604408,0.0,7.641755,
138,12,7.188954,0.057156,7.2475819999999995,0.0,7.617017,
139,12,7.178041,0.04986,7.229437,0.0,7.258879,
140,12,7.11042,0.088487,7.200507,0.0,7.237757,
141,12,7.230813,0.093671,7.326084,0.0,7.210363,
142,12,7.2744,0.074725,7.350885,0.0,7.336613,
143,12,7.238205,0.182797,7.4226350000000005,0.0,7.365126,
144,12,7.068977,0.082726,7.153367,0.0,7.431724,
145,12,7.083185,0.05562,7.140340999999999,0.0,7.16108,
146,12,7.13791,0.115049,7.255679,0.0,7.20585,
147,12,7.394185,0.119465,7.515122,0.0,7.263199,
148,12,7.325091,0.05306,7.379912,0.0,7.531027,
149,12,7.189018,0.154539,7.345125,0.0,7.394985,
150,12,7.150711,0.078918,7.231293,0.0,7.35447,
151,12,7.219675,0.085383,7.306467,0.0,7.239517,
152,12,7.243166,0.067333,7.312643,0.0,7.314883,
153,12,7.43342,0.136426,7.571446,0.0,7.32442,
154,12,7.590552,0.137162,7.7293780000000005,0.0,7.586775,
155,12,7.294242,0.103528,7.399594,0.0,7.745795,
156,12,7.16028,0.060132,7.222268,0.0,7.410314,
157,12,8.288364,0.922853,9.212721,0.0,7.232221,
158,12,8.099454,0.08775,8.19034,0.0,9.348859,
159,12,7.29373,0.055204,7.353478,0.0,8.263274,
160,12,7.2287,0.052388,7.282625,0.0,7.364102,
161,12,7.242174,0.060036,7.30381,0.0,7.312419,
162,12,7.293313,0.10564,7.4005529999999995,0.0,7.312867,
163,12,7.501649,0.124777,7.627994,0.0,7.411754,
164,12,7.194938,0.051843,7.248702,0.0,7.642267,
165,12,7.211067,0.080582,7.292961,0.0,7.257119,
166,12,7.078065,0.087527,7.168311999999999,0.0,7.300482,
167,12,7.27648,0.063941,7.342373,0.0,7.179673,
168,12,7.455918,0.088711,7.546164999999999,0.0,7.352165,
169,12,7.30765,0.072774,7.384392,0.0,7.560086,
170,12,7.235069,0.053732,7.290241,0.0,7.396777,
171,12,7.146454,0.047267,7.19545,0.0,7.299905,
172,12,7.153879,0.050243,7.2070989999999995,0.0,7.263839,
173,12,7.43454,0.123497,7.559573,0.0,7.215004,
174,12,7.52645,0.120041,7.648411,0.0,7.579031,
175,12,7.290305,0.090598,7.382792,0.0,7.662076,
176,12,7.269984,0.098023,7.369543,0.0,7.393385,
177,12,7.184185,0.054404,7.240349,0.0,7.380616,
178,12,7.113652,0.049828,7.16524,0.0,7.291393,
179,12,7.22454,0.10564,7.331557,0.0,7.173272,
180,12,7.35687,0.114056,7.474095,0.0,7.341701,
181,12,7.257439,0.095303,7.354342,0.0,7.486064,
182,12,7.118228,0.090599,7.210363,0.0,7.365191,
183,12,7.170136,0.080646,7.252319,0.0,7.219131,
184,12,7.427595,0.084582,7.51365,0.0,7.262207,
185,12,7.232733,0.106536,7.342245,0.0,7.593624,
186,12,7.202427,0.099911,7.303874,0.0,7.352934,
187,12,7.18921,0.079558,7.270624,0.0,7.332388,
188,12,7.205147,0.083046,7.289569,0.0,7.278016,
189,12,7.157495,0.079174,7.238237,0.0,7.299778,
190,12,7.404714,0.117832,7.523986,0.0,7.245534,
191,12,7.451789,0.088391,7.541748,0.0,7.535027,
192,12,7.070224,0.084999,7.156759,0.0,7.550677,
193,12,7.293921,0.093575,7.389225,0.0,7.166135,
194,12,7.128853,0.082854,7.2133709999999995,0.0,7.39729,
195,12,7.244349,0.081318,7.327139,0.0,7.223228,
196,12,7.58748,0.153227,7.742179,0.0,7.336356,
197,12,7.75514,0.158156,7.9157280000000005,0.0,7.782758,
198,12,7.496401,0.068197,7.56671,0.0,7.935441,
199,12,7.134102,0.090502,7.226076,0.0,7.580183,
200,12,7.489296,0.089959,7.580791,0.0,7.236893,
201,12,7.710305,0.09207,7.804903,0.0,7.701632,
202,12,7.659837,0.148651,7.81012,0.0,7.826249,
203,12,7.750916,0.129482,7.881966,0.0,7.826441,
204,12,7.772229,0.098279,7.873036,0.0,7.899279,
205,12,7.225564,0.099111,7.326275,0.0,7.889358,
206,12,7.172057,0.057444,7.230909,0.0,7.336644,
207,12,7.261055,0.099399,7.361862,0.0,7.241342,
208,12,7.157079,0.094951,7.253693999999999,0.0,7.372167,
209,12,7.803463,0.197519,8.002422000000001,0.0,7.263295,
210,12,7.718337,0.123498,7.843691,0.0,8.017303,
211,12,7.215324,0.0561,7.275136,0.0,7.916816,
212,12,7.220508,0.082598,7.3047379999999995,0.0,7.284833,
213,12,7.252798,0.088263,7.342501,0.0,7.312739,
214,12,7.207515,0.094119,7.303266,0.0,7.353765,
215,12,7.443821,0.092455,7.53794,0.0,7.313379,
216,12,7.246366,0.057444,7.305346,0.0,7.553717,
217,12,7.290977,0.051012,7.343557,0.0,7.315107,
218,12,7.210011,0.052164,7.263615000000001,0.0,7.352006,
219,12,7.237342,0.051043,7.290081000000001,0.0,7.273151,
220,12,7.648828,0.133866,7.78487,0.0,7.29837,
221,12,7.800199,0.127626,7.929297,0.0,7.799495,
222,12,7.243934,0.099495,7.345029,0.0,7.945298,
223,12,7.232317,0.08647,7.320451,0.0,7.354918,
224,12,7.211452,0.087654,7.301921999999999,0.0,7.424907,
225,12,7.211003,0.129962,7.3424689999999995,0.0,7.312195,
226,12,7.777061,0.126442,7.905486999999999,0.0,7.354214,
227,12,7.392713,0.056996,7.451277,0.0,7.919664,
228,12,7.277536,0.105224,7.384136000000001,0.0,7.461198,
229,12,7.133909,0.147339,7.283201,0.0,7.393512,
230,12,7.138326,0.056196,7.19625,0.0,7.29405,
231,12,7.638907,0.075877,7.7162239999999995,0.0,7.205275,
232,12,8.52979,0.153644,8.685226,0.0,7.728801,
233,12,7.38084,0.155788,7.538452,0.0,8.704907,
234,12,7.187609,0.068549,7.25811,0.0,7.562102,
235,12,7.166456,0.089671,7.257759,0.0,7.269887,
236,12,7.376743,0.205807,7.583991,0.0,7.266687,
237,12,7.362023,0.095271,7.46091,0.0,7.685375,
238,12,7.322628,0.100455,7.424683,0.0,7.476047,
239,12,7.19577,0.081766,7.279008,0.0,7.434892,
240,12,7.177208,0.053828,7.232508,0.0,7.287169,
241,12,7.041679,0.180813,7.223932,0.0,7.241181,
242,12,7.581527,0.125033,7.7082239999999995,0.0,7.234333,
243,12,7.490352,0.065348,7.557684999999999,0.0,7.722913,
244,12,7.123445,0.091367,7.21638,0.0,7.569686,
245,12,7.201306,0.08247,7.28528,0.0,7.226141,
246,12,7.228956,0.048356,7.278816,0.0,7.293537,
247,12,7.24867,0.094759,7.344869,0.0,7.286337,
248,12,7.513361,0.129482,7.644219,0.0,7.354214,
249,12,7.218396,0.098663,7.318627,0.0,7.660348,
250,12,7.20073,0.059173,7.2626230000000005,0.0,7.389097,
251,12,7.20073,0.084486,7.287168,0.0,7.287905,
252,12,7.508914,0.186605,7.697087,0.0,7.295137,
253,12,7.426188,0.125449,7.554965,0.0,7.706784,
254,12,7.247454,0.115977,7.365031,0.0,7.570358,
255,12,7.234589,0.098983,7.335012,0.0,7.374632,
256,12,7.150454,0.086311,7.238365,0.0,7.344037,
257,12,7.254238,0.056484,7.312226,0.0,7.247134,
258,12,7.482576,0.132169,7.616345,0.0,7.322275,
259,12,7.322307,0.055876,7.379976,0.0,7.630074,
260,12,7.198394,0.088871,7.288705,0.0,7.389801,
261,12,7.271103,0.086855,7.3592379999999995,0.0,7.296866,
262,12,7.1189,0.060132,7.180505,0.0,7.368326,
263,12,7.233725,0.095591,7.331876,0.0,7.243422,
264,12,7.375207,0.125098,7.501905,0.0,7.342149,
265,12,7.27472,0.052708,7.3289,0.0,7.516178,
266,12,7.188345,0.081446,7.271296,0.0,7.337092,
267,12,7.215643,0.084679,7.30173,0.0,7.278529,
268,12,7.239102,0.053732,7.294242000000001,0.0,7.310338,
269,12,7.507634,0.129353,7.638395,0.0,7.302242,
270,12,7.196538,0.052676,7.251326,0.0,7.660509,
271,12,7.388136,0.064389,7.453869,0.0,7.260159,
272,12,7.20345,0.081671,7.286561000000001,0.0,7.462798,
273,12,7.090642,0.08071,7.172632,0.0,7.294689,
274,12,7.346821,0.147596,7.495857,0.0,7.180089,
275,12,7.347237,0.123945,7.4726230000000005,0.0,7.508177,
276,12,7.319267,0.07287,7.394857,0.0,7.545813,
277,12,7.117493,0.091751,7.2106840000000005,0.0,7.405673,
278,12,7.18921,0.084038,7.274624,0.0,7.219932,
279,12,7.196346,0.049796,7.2475819999999995,0.0,7.282497,
280,12,7.510674,0.131882,7.643803999999999,0.0,7.254942,
281,12,7.725634,0.098279,7.825321,0.0,7.658909,
282,12,7.364934,0.115369,7.481776,0.0,7.843658,
283,12,7.428011,0.093735,7.523218,0.0,7.496433,
284,12,7.129077,0.089863,7.2207,0.0,7.534099,
285,12,7.374535,0.082087,7.458126,0.0,7.229757,
286,12,7.553332,0.094759,7.650075999999999,0.0,7.469518,
287,12,9.703701,0.276949,9.982154999999999,0.0,7.664605,
288,12,7.519731,0.134986,7.657693,0.0,10.078322,
289,12,7.347397,0.057604,7.407402,0.0,7.735266,
290,12,7.297122,0.065477,7.364039,0.0,7.416555,
291,12,7.146262,0.091399,7.239294,0.0,7.374791,
292,12,7.195034,0.05178,7.248126,0.0,7.24803,
293,12,7.372903,0.065893,7.440204,0.0,7.255391,
294,12,7.427499,0.089255,7.518226,0.0,7.450125,
295,12,7.538068,0.067653,7.607289,0.0,7.533683,
296,12,7.264191,0.05226,7.318115,0.0,7.616538,
297,12,7.268799,0.051908,7.322051,0.0,7.32618,
298,12,7.183417,0.058148,7.242781,0.0,7.329988,
299,12,7.497937,0.087878,7.587159,0.0,7.251326,
300,12,7.244798,0.056036,7.302722,0.0,7.602392,
301,12,7.204571,0.051908,7.257887,0.0,7.312771,
302,12,7.152727,0.086406,7.241405,0.0,7.327492,
303,12,7.03515,0.047044,7.084434,0.0,7.249502,
304,12,8.125024,0.073861,8.200325,0.0,7.091858,
305,12,7.448365,0.075365,7.5254270000000005,0.0,8.213894,
306,12,7.29229,0.050051,7.343749,0.0,7.53986,
307,12,7.218972,0.048932,7.26928,0.0,7.352486,
308,12,7.104564,0.046723,7.152759,0.0,7.277504,
309,12,8.661831,0.945351,9.608526,0.0,7.161304,
310,12,7.894703,0.115848,8.013911,0.0,9.741624,
311,12,7.691488,0.089862,7.7828539999999995,0.0,8.028312,
312,12,7.303618,0.057636,7.363015,0.0,7.798727,
313,12,7.212315,0.048548,7.262175,0.0,7.371944,
314,12,7.809928,0.198639,8.009815,0.0,7.269439,
315,12,7.799879,0.122857,7.925968999999999,0.0,8.145953,
316,12,7.366695,0.066181,7.434284,0.0,7.94021,
317,12,7.124533,0.086118,7.212283,0.0,7.444877,
318,12,7.292225,0.092295,7.385832,0.0,7.220572,
319,12,7.258046,0.059781,7.319363,0.0,7.394409,
320,12,7.44606,0.080614,7.528083,0.0,7.328515,
321,12,7.218748,0.139467,7.359527,0.0,7.540884,
322,12,7.244222,0.053732,7.300002,0.0,7.388905,
323,12,7.035886,0.089479,7.126677,0.0,7.308162,
324,12,7.121972,0.081735,7.205083,0.0,7.135254,
325,12,8.201861,0.063077,8.266538,0.0,7.212731,
326,12,7.263423,0.074598,7.339941,0.0,8.317742,
327,12,7.414122,0.105768,7.521458,0.0,7.35095,
328,12,7.271584,0.085318,7.3601980000000005,0.0,7.609913,
329,12,7.248094,0.051588,7.3011539999999995,0.0,7.369223,
330,12,7.432396,0.095623,7.529331,0.0,7.309538,
331,12,7.696223,0.119977,7.817864000000001,0.0,7.53826,
332,12,7.256351,0.051844,7.309859,0.0,7.829769,
333,12,7.068368,0.048164,7.11794,0.0,7.317924,
334,12,7.131989,0.081862,7.215292,0.0,7.126804,
335,12,7.423403,0.064869,7.489712,0.0,7.224509,
336,12,7.316451,0.11396,7.432010999999999,0.0,7.501489,
337,12,7.130581,0.074246,7.206555,0.0,7.444588,
338,12,7.041006,0.08087,7.123284,0.0,7.215868,
339,12,7.101299,0.093735,7.196346,0.0,7.130933,
340,12,7.15055,0.12977,7.28176,0.0,7.205179,
341,12,7.144726,0.070309,7.2177869999999995,0.0,7.356454,
342,12,7.527155,0.116873,7.64598,0.0,7.22694,
343,12,7.207067,0.051588,7.261374999999999,0.0,7.657981,
344,12,7.172761,0.052548,7.226589000000001,0.0,7.270399,
345,12,7.076722,0.07975,7.1578479999999995,0.0,7.235997,
346,12,7.176185,0.077094,7.254719,0.0,7.166168,
347,12,7.310659,0.108744,7.421195,0.0,7.261919,
348,12,7.279329,0.08535,7.366183,0.0,7.435628,
349,12,7.236317,0.082918,7.3207070000000005,0.0,7.374632,
350,12,7.156183,0.050468,7.208091,0.0,7.329732,
351,12,7.252159,0.083046,7.337157,0.0,7.216219,
352,12,7.463086,0.098087,7.562549,0.0,7.347814,
353,12,7.503985,0.078502,7.583863,0.0,7.572246,
354,12,7.272736,0.094087,7.369223,0.0,7.654172,
355,12,7.177721,0.10772,7.286913,0.0,7.384552,
356,12,7.226812,0.071174,7.299362,0.0,7.296386,
357,12,7.158455,0.092103,7.252479,0.0,7.309538,
358,12,7.425867,0.126825,7.554165,0.0,7.262111,
359,12,8.708012,0.174253,8.883705,0.0,7.567958,
360,12,7.575031,0.119017,7.6957759999999995,0.0,8.904922,
361,12,7.310498,0.058981,7.370823000000001,0.0,7.710881,
362,12,7.191161,0.099656,7.292352999999999,0.0,7.381128,
363,12,7.91928,0.1018,8.022936,0.0,7.303298,
364,12,7.648284,0.099239,7.749219,0.0,8.038489,
365,12,7.543476,0.140746,7.685886,0.0,7.769029,
366,12,7.40385,0.088135,7.498257000000001,0.0,7.773445,
367,12,7.431948,0.099752,7.534484,0.0,7.587511,
368,12,7.160055,0.056388,7.218459,0.0,7.548533,
369,12,7.256639,0.051396,7.309475,0.0,7.227548,
370,12,7.217308,0.048228,7.266944,0.0,7.317603,
371,12,7.295618,0.056324,7.353382000000001,0.0,7.27456,
372,12,7.284417,0.113705,7.399658,0.0,7.369895,
373,12,7.255966,0.057796,7.315395,0.0,7.412522,
374,12,7.209595,0.049252,7.260191,0.0,7.32394,
375,12,7.247934,0.048035,7.297314,0.0,7.266879,
376,12,7.215739,0.04554,7.262591,0.0,7.305123,
377,12,7.115796,0.089447,7.206459,0.0,7.269279,
378,12,7.265311,0.099463,7.366181999999999,0.0,7.214044,
379,12,7.223581,0.079557,7.304609999999999,0.0,7.377575,
380,12,7.161431,0.074054,7.238077,0.0,7.372072,
381,12,7.225053,0.087718,7.314242999999999,0.0,7.244509,
382,12,7.226268,0.054276,7.281791999999999,0.0,7.321124,
383,12,7.403849,0.067973,7.473261999999999,0.0,7.289025,
384,12,7.24851,0.057061,7.306979,0.0,7.483887,
385,12,7.149207,0.082534,7.233245,0.0,7.315939,
386,12,7.202842,0.082054,7.28624,0.0,7.240126,
387,12,7.203355,0.087846,7.292513,0.0,7.293025,
388,12,7.044143,0.098887,7.145526,0.0,7.29917,
389,12,7.687902,0.278741,7.968372,0.0,7.152118,
390,12,7.794855,0.128521,7.925296,0.0,7.98543,
391,12,7.57343,0.08055,7.655645,0.0,7.941745,
392,12,7.230173,0.103623,7.3356200000000005,0.0,7.668126,
393,12,7.397769,0.127465,7.528243,0.0,7.416426,
394,12,7.594231,0.092775,7.689055,0.0,7.544852,
395,12,7.321379,0.097127,7.420298,0.0,7.705441,
396,12,7.172889,0.089382,7.263679000000001,0.0,7.430443,
397,12,7.180473,0.053668,7.235709,0.0,7.273856,
398,12,7.1766,0.216113,7.393993,0.0,7.244574,
399,12,7.779621,0.193743,7.974868,0.0,7.405546,
400,12,7.35079,0.101191,7.4542530000000005,0.0,7.988533,
401,12,7.129845,0.087047,7.21846,0.0,7.466638,
402,12,7.263903,0.05338,7.318691,0.0,7.228349,
403,12,7.212763,0.082982,7.296994000000001,0.0,7.327139,
404,12,7.584439,0.182638,7.768485,0.0,7.305859,
405,12,7.554101,0.119784,7.675325,0.0,7.780646,
406,12,7.273216,0.079302,7.355398,0.0,7.775237,
407,12,7.136341,0.051396,7.189241,0.0,7.364775,
408,12,7.221436,0.076166,7.298882,0.0,7.196634,
409,12,7.237469,0.081414,7.3203879999999995,0.0,7.309442,
410,12,7.442444,0.122633,7.566838000000001,0.0,7.328708,
411,12,7.321859,0.055588,7.379208,0.0,7.581335,
412,12,7.212283,0.078502,7.292352999999999,0.0,7.387593,
413,12,7.182329,0.04778,7.231549,0.0,7.300482,
414,12,7.090258,0.048132,7.139766,0.0,7.240381,
415,12,7.245726,0.057028,7.304194,0.0,7.147863,
416,12,7.47003,0.086759,7.558197,0.0,7.313667,
417,12,7.125749,0.05674,7.1842809999999995,0.0,7.572278,
418,12,7.130197,0.048644,7.180249,0.0,7.19353,
419,12,7.077169,0.08199,7.1616550000000005,0.0,7.247678,
420,12,7.262463,0.059524,7.3232669999999995,0.0,7.168952,
421,12,7.461518,0.090247,7.553301,0.0,7.333252,
422,12,7.310947,0.052708,7.365319,0.0,7.566198,
423,12,7.103316,0.052292,7.156984,0.0,7.373351,
424,12,7.242654,0.111752,7.355782,0.0,7.164632,
425,12,7.127285,0.086374,7.215034999999999,0.0,7.364615,
426,12,7.938226,0.074661,8.014359,0.0,7.223804,
427,12,7.425579,0.078086,7.5052010000000005,0.0,8.024984,
428,12,7.130325,0.201551,7.335429,0.0,7.51765,
429,12,7.113908,0.05306,7.168472,0.0,7.345798,
430,12,7.260703,0.049316,7.311523,0.0,7.176984,
431,12,10.54626,0.068069,10.615993000000001,0.0,7.319332,
432,12,7.512626,0.118185,7.634843,0.0,10.689695,
433,12,7.151479,0.086054,7.239293,0.0,7.647388,
434,12,7.246046,0.057412,7.304962,0.0,7.24867,
435,12,7.401449,0.070758,7.473871,0.0,7.314147,
436,12,7.322627,0.075782,7.399881,0.0,7.485424,
437,12,7.626779,0.092199,7.72077,0.0,7.443596,
438,12,7.86062,0.118249,7.980597,0.0,7.737059,
439,12,7.401545,0.119369,7.522418,0.0,7.996502,
440,12,7.390313,0.097063,7.488816,0.0,7.537011,
441,12,7.231357,0.094759,7.327876,0.0,7.500401,
442,12,7.249406,0.117801,7.368647,0.0,7.338949,
443,12,7.369511,0.140139,7.5112499999999995,0.0,7.384904,
444,12,7.319844,0.088486,7.4102179999999995,0.0,7.527155,
445,12,7.623162,0.090919,7.7169609999999995,0.0,7.445805,
446,12,7.353478,0.106568,7.46155,0.0,7.731202,
447,12,7.251038,0.085959,7.338661,0.0,7.474543,
448,12,7.228092,0.05418,7.283649,0.0,7.348005,
449,12,7.319395,0.068293,7.388935999999999,0.0,7.293378,
450,12,7.152535,0.064133,7.218204,0.0,7.400137,
451,12,7.277152,0.073414,7.352518,0.0,7.229213,
452,12,7.177176,0.062789,7.24259,0.0,7.364358,
453,12,7.149943,0.052067,7.203417999999999,0.0,7.251679,
454,12,7.104147,0.091047,7.1966019999999995,0.0,7.211195,
455,12,7.156215,0.079366,7.2370209999999995,0.0,7.205147,
456,12,7.415466,0.12721,7.54418,0.0,7.245598,
457,12,7.3329,0.089767,7.424427,0.0,7.557237,
458,12,7.155255,0.053892,7.211931000000001,0.0,7.492816,
459,12,7.192602,0.078342,7.272288,0.0,7.220124,
460,12,7.204091,0.087303,7.292962,0.0,7.280384,
461,12,7.233628,0.082759,7.31802,0.0,7.302146,
462,12,7.32698,0.117193,7.445837,0.0,7.32794,
463,12,7.229692,0.081766,7.313313999999999,0.0,7.465423,
464,12,7.207675,0.060965,7.270048,0.0,7.322819,
465,12,7.219163,0.050884,7.271328,0.0,7.278528,
466,12,7.169208,0.092295,7.299842,0.0,7.279009,
467,12,7.466831,0.130826,7.5990969999999995,0.0,7.308802,
468,12,7.558133,0.101832,7.661437,0.0,7.615194,
469,12,7.452173,0.120297,7.573878,0.0,7.678814,
470,12,7.260991,0.096264,7.358822999999999,0.0,7.586711,
471,12,7.226461,0.106568,7.336004999999999,0.0,7.431884,
472,12,7.383208,0.154443,7.539315,0.0,7.348966,
473,12,7.571638,0.114185,7.6878709999999995,0.0,7.557589,
474,12,7.239165,0.089287,7.32986,0.0,7.701152,
475,12,7.211227,0.091655,7.304609999999999,0.0,7.339941,
476,12,7.211483,0.084294,7.29725,0.0,7.31405,
477,12,7.261247,0.060132,7.322915,0.0,7.305859,
478,12,7.398122,0.103815,7.503825000000001,0.0,7.33354,
479,12,7.339589,0.057989,7.399305999999999,0.0,7.517778,
480,12,7.174777,0.055492,7.231612999999999,0.0,7.40849,
481,12,7.19337,0.08295,7.277728,0.0,7.239998,
482,12,7.216827,0.047332,7.265567,0.0,7.285601,
483,12,7.30589,0.116681,7.42382,0.0,7.273695,
484,12,7.227933,0.088038,7.318691,0.0,7.509714,
485,12,7.154295,0.077478,7.233181,0.0,7.328964,
486,12,7.274976,0.050275,7.326563,0.0,7.241566,
487,12,7.194682,0.078278,7.274272,0.0,7.334116,
488,12,7.385544,0.067397,7.454285,0.0,7.281793,
489,12,7.411114,0.080774,7.493904,0.0,7.466798,
490,12,7.174265,0.052004,7.227901,0.0,7.507345,
491,12,7.050544,0.046499,7.098387000000001,0.0,7.235549,
492,12,7.078129,0.04618,7.125621000000001,0.0,7.105204,
493,12,7.101171,0.086471,7.189082,0.0,7.132309,
494,12,7.387625,0.137706,7.5270909999999995,0.0,7.19753,
495,12,7.144599,0.082982,7.229053,0.0,7.541172,
496,12,7.17484,0.105128,7.282817,0.0,7.238525,
497,12,7.156727,0.046852,7.205979,0.0,7.347238,
498,12,7.207771,0.044708,7.253855,0.0,7.213531,
499,12,7.177017,0.091047,7.269343999999999,0.0,7.260543,
